Display_first_last,age,value,pts,ast,reb,pie,season_exp,draftValue,BMI,Center,Center-Forward,Forward,Forward-Center,Forward-Guard,Guard,Guard-Forward,G,GS,MP,FG,FGA,FG%,3P,3PA,3P%,2P,2PA,2P%,eFG%,FT,FTA,FT%,ORB,DRB,STL,BLK,TOV,PF
Dewayne Dedmon,32,2866667.0,6.4,0.7,6.0,0.0,7,3.0,24.40972222222223,1.0,0.0,0.0,0.0,0.0,0.0,0.0,67.0,15.0,15.9,2.4,4.3,0.5660000000000001,0.3,0.7,0.40399999999999997,2.2,3.6,0.597,0.598,1.1,1.5,0.75,1.6,4.2,0.4,0.6,1.0,2.6
Admiral Schofield,24,300000.0,3.0,0.5,1.4,0.0,1,2.42,28.57530780907404,0.0,0.0,0.0,0.0,0.0,0.0,1.0,38.0,1.0,12.3,1.4,3.4,0.419,0.7,2.1,0.32899999999999996,0.7,1.3,0.56,0.519,0.3,0.4,0.8,0.4,1.9,0.1,0.1,0.6,1.5
Jared Harper,24,1669178.0,0.7,0.0,0.0,-0.022000000000000002,1,3.0,25.107142857142854,0.0,0.0,0.0,0.0,0.0,1.0,0.0,5.0,0.0,8.6,2.8,5.2,0.5379999999999999,1.0,2.4,0.41700000000000004,1.8,2.8,0.643,0.635,0.8,0.8,1.0,0.4,0.0,0.8,0.2,0.4,1.0
Quinndary Weatherspoon,25,1669178.0,0.8,0.5,0.4,-0.011000000000000001,1,2.49,25.620444444444445,0.0,0.0,0.0,0.0,0.0,1.0,0.0,11.0,0.0,6.6,1.1,1.9,0.5710000000000001,0.1,0.5,0.2,1.0,1.5,0.688,0.595,0.5,0.5,1.0,0.2,1.1,0.1,0.1,0.3,1.4
Wenyen Gabriel,24,1762796.0,0.2,0.3,1.2,0.0,1,3.0,21.965401615607377,0.0,0.0,1.0,0.0,0.0,0.0,0.0,26.0,5.0,13.8,2.1,4.2,0.491,0.3,1.1,0.28600000000000003,1.8,3.2,0.561,0.527,1.0,1.6,0.595,1.5,2.2,0.2,0.4,0.6,2.6
Romeo Langford,22,3804360.0,2.5,0.4,1.3,0.024,1,1.14,26.289473684210524,0.0,0.0,0.0,0.0,0.0,0.0,1.0,48.0,5.0,16.1,1.7,4.0,0.435,0.6,1.8,0.341,1.1,2.2,0.509,0.51,0.5,0.9,0.5479999999999999,0.6,1.6,0.5,0.3,0.3,1.0
KZ Okpala,22,1782621.0,2.7,0.4,2.0,0.025,1,2.32,23.61640625,0.0,0.0,0.0,0.0,1.0,0.0,0.0,21.0,0.0,11.6,1.4,3.3,0.435,0.4,1.2,0.34600000000000003,1.0,2.0,0.488,0.5,0.4,0.5,0.727,0.5,1.4,0.2,0.3,0.2,1.2
Rodney Hood,29,10851246.0,4.7,1.2,1.9,0.031,6,1.23,22.8475,0.0,0.0,0.0,0.0,0.0,0.0,1.0,52.0,0.0,13.6,1.1,3.0,0.369,0.6,1.8,0.33,0.5,1.3,0.424,0.465,0.3,0.4,0.895,0.3,1.2,0.3,0.1,0.2,0.6
Isaac Bonga,22,2079826.0,2.2,0.6,2.1,0.032,2,2.39,19.771875,0.0,0.0,0.0,0.0,0.0,1.0,0.0,15.0,0.0,4.6,0.2,0.9,0.231,0.1,0.3,0.25,0.1,0.6,0.222,0.26899999999999996,0.3,0.5,0.625,0.3,0.2,0.5,0.1,0.1,0.7
Juwan Morgan,24,1897476.0,0.9,0.2,0.8,0.035,1,3.0,26.13299150777119,0.0,0.0,1.0,0.0,0.0,0.0,0.0,2.0,0.0,15.5,1.0,1.5,0.667,0.5,1.0,0.5,0.5,0.5,1.0,0.833,0.0,0.0,0.0,1.0,1.0,0.0,0.0,0.0,1.5
Sekou Doumbouya,21,3613680.0,3.9,0.6,2.2,0.036000000000000004,1,1.15,25.2640625,0.0,0.0,1.0,0.0,0.0,0.0,0.0,2.0,0.0,8.0,2.5,4.0,0.625,0.5,1.0,0.5,2.0,3.0,0.667,0.688,1.5,2.0,0.75,1.0,2.0,1.5,1.0,1.0,0.5
DaQuan Jeffries,24,1701593.0,3.9,0.3,1.6,0.036000000000000004,1,3.0,27.271040647664023,0.0,0.0,0.0,0.0,0.0,0.0,1.0,3.0,0.0,3.0,0.3,0.7,0.5,0.0,0.3,0.0,0.3,0.3,1.0,0.5,0.0,0.0,0.0,0.0,0.7,0.0,0.0,0.0,0.3
Frank Ntilikina,23,8326027.0,4.3,0.8,1.2,0.037000000000000005,3,1.8,24.342105263157894,0.0,0.0,0.0,0.0,0.0,1.0,0.0,58.0,5.0,11.8,1.5,3.8,0.39899999999999997,0.7,1.9,0.342,0.9,1.9,0.455,0.484,0.4,0.4,0.96,0.2,1.2,0.5,0.1,0.5,1.1
Josh Okogie,23,4087904.0,4.8,1.2,2.6,0.039,2,1.2,25.92434210526316,0.0,0.0,0.0,0.0,0.0,1.0,0.0,49.0,6.0,10.5,0.9,2.1,0.40399999999999997,0.3,1.0,0.298,0.6,1.2,0.491,0.47100000000000003,0.7,1.0,0.6859999999999999,0.6,0.8,0.5,0.2,0.5,1.1
Chandler Hutchison,25,4019459.0,1.9,0.6,2.9,0.042,2,1.22,24.26528599605523,0.0,0.0,0.0,0.0,1.0,0.0,0.0,6.0,0.0,3.7,0.2,0.3,0.5,0.0,0.0,0.0,0.2,0.3,0.5,0.5,0.3,0.3,1.0,0.0,0.8,0.0,0.0,0.7,0.2
Grant Williams,23,2617800.0,5.0,0.9,2.9,0.043,1,1.22,27.269559500328732,0.0,0.0,1.0,0.0,0.0,0.0,0.0,77.0,21.0,24.4,2.7,5.6,0.475,1.4,3.4,0.41100000000000003,1.3,2.3,0.569,0.597,1.1,1.2,0.905,0.8,2.7,0.5,0.7,0.8,2.4
Gary Clark,27,2100000.0,3.4,0.9,3.2,0.044000000000000004,2,3.0,25.99852071005917,0.0,0.0,1.0,0.0,0.0,0.0,0.0,38.0,1.0,9.9,0.9,2.3,0.375,0.7,1.8,0.4,0.1,0.5,0.278,0.534,0.2,0.3,0.7,0.6,1.8,0.3,0.2,0.3,0.5
Paul Watson,27,1701593.0,2.6,0.4,1.3,0.044000000000000004,1,3.0,24.26528599605523,0.0,0.0,0.0,0.0,0.0,1.0,0.0,9.0,3.0,17.3,1.3,3.9,0.34299999999999997,0.7,2.9,0.231,0.7,1.0,0.667,0.429,0.1,0.2,0.5,0.3,2.7,0.3,0.3,0.4,1.1
Aaron Holiday,25,3980551.0,6.9,1.7,1.2,0.045,2,1.23,25.087770061728396,0.0,0.0,0.0,0.0,0.0,1.0,0.0,63.0,15.0,16.2,2.4,5.4,0.447,0.6,1.6,0.379,1.8,3.7,0.47700000000000004,0.504,0.9,1.1,0.868,0.4,1.6,0.7,0.1,1.1,1.5
Jalen McDaniels,23,1782621.0,4.5,0.5,2.4,0.049,1,2.52,21.965401615607377,0.0,0.0,0.0,1.0,0.0,0.0,0.0,55.0,2.0,16.3,2.2,4.6,0.484,0.7,2.0,0.38,1.5,2.7,0.562,0.565,1.0,1.3,0.736,0.7,2.4,0.5,0.4,0.7,1.7
Matisse Thybulle,24,2840160.0,3.7,1.0,1.7,0.05,1,1.2,23.83251813121943,0.0,0.0,0.0,0.0,0.0,0.0,1.0,66.0,50.0,25.5,2.3,4.5,0.5,0.7,2.2,0.313,1.6,2.4,0.6729999999999999,0.575,0.5,0.7,0.7909999999999999,0.6,1.7,1.7,1.1,0.6,2.4
Miye Oni,24,1782621.0,2.0,0.2,1.6,0.051,1,2.58,24.425366840951252,0.0,0.0,0.0,0.0,0.0,0.0,1.0,16.0,0.0,2.8,0.1,0.6,0.222,0.1,0.5,0.125,0.1,0.1,1.0,0.278,0.0,0.1,0.0,0.1,0.4,0.0,0.0,0.1,0.4
Gary Harris,27,20482143.0,9.7,1.7,2.5,0.052000000000000005,6,1.19,25.559210526315788,0.0,0.0,0.0,0.0,0.0,1.0,0.0,61.0,30.0,28.4,3.9,9.1,0.434,1.9,5.0,0.384,2.0,4.1,0.494,0.539,1.4,1.6,0.8740000000000001,0.6,1.4,1.0,0.1,1.0,1.8
Cam Reddish,22,4670160.0,11.2,1.3,4.0,0.053,1,1.1,23.945937500000007,0.0,0.0,0.0,0.0,1.0,0.0,0.0,49.0,7.0,20.7,3.4,8.3,0.40399999999999997,1.3,3.8,0.359,2.0,4.6,0.442,0.485,2.1,2.3,0.902,0.5,1.6,1.0,0.3,1.2,1.2
Justise Winslow,25,13000000.0,7.8,1.8,4.9,0.053,5,1.1,25.651873767258387,0.0,0.0,0.0,0.0,1.0,0.0,0.0,48.0,11.0,16.1,2.3,5.4,0.428,0.3,1.4,0.22699999999999998,2.0,4.0,0.49700000000000005,0.457,0.8,1.4,0.591,1.0,3.2,0.7,0.5,1.0,1.4
Gabe Vincent,25,1669178.0,5.9,1.3,1.2,0.053,1,3.0,24.995555555555555,0.0,0.0,0.0,0.0,0.0,1.0,0.0,68.0,27.0,23.4,3.1,7.5,0.41700000000000004,1.8,4.8,0.368,1.4,2.8,0.5,0.5329999999999999,0.6,0.8,0.815,0.3,1.5,0.9,0.2,1.4,2.3
Zach Collins,24,7363319.0,7.0,1.5,6.3,0.054000000000000006,3,1.1,25.511685295398465,0.0,0.0,0.0,1.0,0.0,0.0,0.0,28.0,4.0,17.9,2.7,5.5,0.49,0.5,1.5,0.341,2.2,4.1,0.544,0.535,1.9,2.3,0.8,1.6,3.8,0.5,0.8,1.6,2.4
Vlatko Cancar,24,1782621.0,1.4,0.3,1.2,0.055999999999999994,1,2.49,25.923125,0.0,0.0,1.0,0.0,0.0,0.0,0.0,15.0,1.0,11.7,1.5,2.7,0.561,0.5,0.8,0.583,1.1,1.9,0.552,0.6459999999999999,0.6,0.9,0.643,0.5,1.5,0.1,0.2,0.6,1.2
Luguentz Dort,22,1782621.0,12.6,1.6,3.5,0.055999999999999994,1,3.0,26.870222222222218,0.0,0.0,0.0,0.0,0.0,1.0,0.0,51.0,51.0,32.6,5.7,14.2,0.40399999999999997,2.5,7.7,0.332,3.2,6.6,0.48700000000000004,0.493,3.2,3.7,0.843,0.7,3.4,0.9,0.4,1.7,2.9
Thanasis Antetokounmpo,29,2126991.0,2.2,0.7,2.0,0.057,2,2.51,25.30522682445759,0.0,0.0,1.0,0.0,0.0,0.0,0.0,48.0,6.0,9.9,1.5,2.7,0.547,0.0,0.3,0.14300000000000002,1.4,2.4,0.596,0.555,0.6,1.0,0.63,0.8,1.3,0.3,0.3,0.5,1.4
Cory Joseph,30,12600000.0,6.7,2.4,2.2,0.057999999999999996,9,1.29,24.995555555555555,0.0,0.0,0.0,0.0,0.0,1.0,0.0,65.0,39.0,24.6,2.7,6.2,0.445,1.0,2.4,0.414,1.7,3.7,0.465,0.526,1.5,1.7,0.885,0.4,2.2,0.6,0.3,1.3,2.3
Dillon Brooks,25,12200000.0,15.8,2.6,3.0,0.057999999999999996,3,2.45,25.344496074347056,0.0,0.0,0.0,0.0,0.0,0.0,1.0,32.0,31.0,27.7,7.1,16.4,0.43200000000000005,1.4,4.7,0.309,5.7,11.8,0.48,0.475,2.8,3.3,0.8490000000000001,0.9,2.3,1.1,0.3,1.6,3.3
Matt Thomas,27,1782621.0,2.6,0.4,0.8,0.057999999999999996,1,3.0,23.125,0.0,0.0,0.0,0.0,0.0,1.0,0.0,40.0,0.0,11.5,1.4,3.4,0.41,0.9,2.3,0.385,0.5,1.1,0.465,0.541,0.4,0.5,0.8,0.1,1.2,0.2,0.1,0.2,0.5
Landry Shamet,24,3768342.0,7.8,1.1,1.8,0.059000000000000004,2,1.26,23.125,0.0,0.0,0.0,0.0,0.0,1.0,0.0,69.0,14.0,20.8,2.8,7.0,0.39399999999999996,1.8,4.8,0.368,1.0,2.2,0.45,0.521,1.0,1.2,0.84,0.2,1.6,0.4,0.1,0.6,1.3
Jarrett Culver,22,6395160.0,6.8,0.8,4.3,0.059000000000000004,1,1.6,22.53205128205128,0.0,0.0,0.0,0.0,0.0,0.0,1.0,37.0,0.0,9.1,1.4,3.6,0.37799999999999995,0.3,1.3,0.255,1.1,2.4,0.44299999999999995,0.42200000000000004,0.4,0.9,0.47100000000000003,0.4,0.9,0.5,0.1,0.5,1.1
Brandon Goodwin,26,2126991.0,3.9,1.6,1.0,0.062,2,3.0,24.40972222222223,0.0,0.0,0.0,0.0,0.0,1.0,0.0,36.0,5.0,13.9,1.8,4.3,0.41600000000000004,0.5,1.5,0.345,1.3,2.8,0.455,0.47700000000000004,0.7,1.1,0.632,0.4,1.5,0.7,0.0,1.0,1.1
Avery Bradley,31,5916750.0,8.5,1.4,1.8,0.062,10,1.19,22.496,0.0,0.0,0.0,0.0,0.0,1.0,0.0,62.0,45.0,22.7,2.4,5.6,0.423,1.3,3.4,0.39,1.1,2.3,0.47100000000000003,0.54,0.3,0.3,0.889,0.5,1.7,0.9,0.1,0.6,1.9
Garrison Mathews,25,1669178.0,6.7,0.4,1.7,0.063,1,3.0,25.492494518468547,0.0,0.0,0.0,0.0,0.0,1.0,0.0,65.0,33.0,26.3,2.8,7.1,0.39899999999999997,2.1,5.9,0.36,0.7,1.2,0.6,0.55,2.2,2.8,0.794,0.5,2.4,0.9,0.4,0.6,2.6
Davis Bertans,29,16000000.0,10.8,0.9,2.9,0.064,4,2.42,23.523944080904226,0.0,0.0,1.0,0.0,0.0,0.0,0.0,56.0,0.0,14.4,1.8,4.9,0.36,1.4,4.1,0.335,0.4,0.8,0.489,0.5,0.6,0.7,0.9,0.2,1.9,0.3,0.2,0.3,1.5
Kelan Martin,26,1701593.0,1.3,0.1,0.9,0.066,1,3.0,27.271040647664023,0.0,0.0,1.0,0.0,0.0,0.0,0.0,30.0,1.0,15.0,2.3,5.7,0.409,0.7,2.5,0.293,1.6,3.2,0.5,0.474,0.3,0.4,0.6920000000000001,0.6,1.3,0.4,0.3,0.5,1.2
Jevon Carter,26,3650000.0,2.8,1.1,1.1,0.066,2,2.32,26.38393694877088,0.0,0.0,0.0,0.0,0.0,1.0,0.0,66.0,3.0,13.7,1.5,3.8,0.387,1.0,2.6,0.38799999999999996,0.5,1.3,0.386,0.518,0.2,0.3,0.833,0.2,1.5,0.4,0.2,0.5,1.0
Bryn Forbes,28,2454002.0,9.5,0.6,1.2,0.068,4,3.0,26.317567567567572,0.0,0.0,0.0,0.0,0.0,1.0,0.0,75.0,2.0,17.1,3.1,7.2,0.429,1.6,3.9,0.414,1.5,3.3,0.447,0.542,1.1,1.2,0.9079999999999999,0.1,1.1,0.3,0.1,0.7,1.3
DeAndre' Bembry,27,1977011.0,4.6,1.9,2.3,0.068,4,1.21,24.89964580873672,0.0,0.0,0.0,0.0,0.0,0.0,1.0,56.0,20.0,18.3,2.2,3.9,0.561,0.3,0.6,0.41700000000000004,1.9,3.3,0.589,0.595,0.4,0.6,0.6,0.8,2.2,0.9,0.4,0.6,2.0
Javonte Green,28,1897476.0,4.2,0.4,2.1,0.069,1,3.0,24.95065789473684,0.0,0.0,0.0,0.0,0.0,0.0,1.0,65.0,45.0,23.4,2.7,5.0,0.542,0.6,1.6,0.35600000000000004,2.2,3.4,0.625,0.597,1.2,1.5,0.833,1.4,2.8,1.0,0.5,0.5,2.0
Brad Wanamaker,32,2812500.0,4.7,2.5,1.7,0.07,2,3.0,26.24533333333333,0.0,0.0,0.0,0.0,0.0,1.0,0.0,23.0,2.0,13.9,1.2,3.3,0.364,0.2,0.7,0.235,1.0,2.6,0.4,0.39,1.0,1.1,0.92,0.3,1.4,0.3,0.3,1.0,2.0
Duncan Robinson,27,4736102.0,12.5,1.7,3.8,0.07,2,3.0,24.218074026598305,0.0,0.0,1.0,0.0,0.0,0.0,0.0,79.0,68.0,25.9,3.7,9.2,0.39899999999999997,2.9,7.9,0.37200000000000005,0.7,1.3,0.569,0.5589999999999999,0.6,0.8,0.836,0.3,2.3,0.5,0.2,0.8,2.5
Ryan Arcidiacono,27,3000000.0,3.2,1.2,1.6,0.071,3,3.0,24.370666666666665,0.0,0.0,0.0,0.0,0.0,1.0,0.0,10.0,0.0,7.6,0.6,1.2,0.5,0.4,0.9,0.444,0.2,0.3,0.667,0.667,0.0,0.0,0.0,0.0,0.8,0.1,0.0,0.3,0.5
Goga Bitadze,22,3098400.0,3.8,0.3,2.2,0.071,1,1.18,25.511685295398465,0.0,1.0,0.0,0.0,0.0,0.0,0.0,50.0,16.0,14.6,2.6,5.0,0.52,0.5,1.6,0.28800000000000003,2.2,3.4,0.628,0.565,1.3,1.9,0.6809999999999999,1.6,2.0,0.4,0.8,0.9,2.1
Eric Bledsoe,32,18125000.0,11.3,3.7,3.4,0.071,10,1.18,28.230812535184835,0.0,0.0,0.0,0.0,0.0,1.0,0.0,54.0,29.0,25.2,3.6,8.7,0.42100000000000004,0.9,3.0,0.313,2.7,5.6,0.479,0.475,1.6,2.2,0.7609999999999999,0.5,2.9,1.3,0.4,2.1,1.6
Justin Holiday,32,6006420.0,11.6,1.7,3.9,0.07200000000000001,7,3.0,20.798816568047336,0.0,0.0,0.0,0.0,1.0,0.0,0.0,74.0,65.0,27.8,3.5,8.9,0.39399999999999996,2.4,6.5,0.36700000000000005,1.1,2.4,0.467,0.528,0.7,0.8,0.8059999999999999,0.4,2.2,0.8,0.4,0.9,2.1
Patrick Beverley,33,14320987.0,8.3,2.1,3.7,0.07200000000000001,8,2.42,23.74554325389379,0.0,0.0,0.0,0.0,0.0,1.0,0.0,58.0,54.0,25.4,3.1,7.5,0.406,1.4,4.2,0.34299999999999997,1.6,3.3,0.485,0.501,1.7,2.3,0.722,1.1,3.1,1.2,0.9,1.3,3.0
Royce O'Neale,28,8800000.0,7.5,2.6,6.6,0.07200000000000001,3,3.0,27.50657894736842,0.0,0.0,1.0,0.0,0.0,0.0,0.0,77.0,77.0,31.2,2.6,5.8,0.457,1.5,4.0,0.389,1.1,1.8,0.609,0.591,0.6,0.7,0.804,0.8,3.9,1.1,0.4,1.0,2.4
Bruno Fernando,23,1782621.0,1.5,0.4,3.0,0.073,1,2.34,25.715592135345226,0.0,0.0,0.0,1.0,0.0,0.0,0.0,30.0,0.0,5.1,1.2,1.8,0.655,0.0,0.1,0.5,1.2,1.8,0.66,0.664,0.5,0.8,0.625,0.6,1.2,0.0,0.4,0.5,0.8
Amir Coffey,24,1669178.0,2.9,0.5,0.7,0.073,1,3.0,23.65486300272392,0.0,0.0,0.0,0.0,0.0,0.0,1.0,69.0,30.0,22.7,3.1,6.8,0.45299999999999996,1.4,3.7,0.37799999999999995,1.7,3.1,0.542,0.556,1.5,1.7,0.863,0.4,2.5,0.6,0.2,0.7,1.3
Robert Covington,31,12975471.0,8.6,1.7,6.7,0.073,7,3.0,23.542220797949053,0.0,0.0,1.0,0.0,0.0,0.0,0.0,71.0,42.0,27.3,2.9,7.0,0.42,1.8,4.8,0.37799999999999995,1.1,2.2,0.509,0.5479999999999999,0.8,1.0,0.841,0.8,4.7,1.5,1.3,1.1,2.7
Kevin Love,33,31258256.0,5.8,1.3,3.3,0.07400000000000001,12,1.5,27.57078125,0.0,0.0,0.0,1.0,0.0,0.0,0.0,74.0,4.0,22.5,4.4,10.3,0.43,2.5,6.4,0.392,1.9,3.8,0.493,0.5529999999999999,2.2,2.7,0.838,1.2,6.1,0.4,0.2,1.3,1.4
Dwight Powell,30,11080125.0,4.4,0.8,3.3,0.07400000000000001,6,2.45,25.09220701963117,0.0,0.0,0.0,1.0,0.0,0.0,0.0,82.0,71.0,21.9,3.3,4.9,0.6709999999999999,0.2,0.5,0.35100000000000003,3.1,4.4,0.703,0.687,2.0,2.6,0.7829999999999999,2.1,2.8,0.5,0.5,0.8,2.7
Nassir Little,21,2316240.0,5.3,0.4,2.6,0.07400000000000001,1,1.25,26.08534322820037,0.0,0.0,0.0,0.0,1.0,0.0,0.0,42.0,23.0,25.9,3.5,7.5,0.46,1.2,3.7,0.331,2.2,3.8,0.584,0.541,1.6,2.2,0.7340000000000001,1.4,4.2,0.6,0.9,1.0,2.0
Josh Richardson,28,11615328.0,13.3,2.7,3.3,0.075,5,2.4,23.713948389273067,0.0,0.0,0.0,0.0,0.0,1.0,0.0,65.0,7.0,24.6,3.6,8.2,0.43799999999999994,1.6,3.8,0.415,2.0,4.4,0.45799999999999996,0.534,1.5,1.7,0.889,0.6,2.2,0.9,0.4,1.0,1.8
Terence Davis,24,1897476.0,7.0,1.1,2.0,0.075,1,3.0,24.46381578947368,0.0,0.0,0.0,0.0,0.0,1.0,0.0,30.0,11.0,17.9,3.8,8.9,0.423,1.6,5.0,0.32899999999999996,2.1,3.9,0.542,0.515,1.2,1.5,0.818,0.4,2.8,0.8,0.4,1.1,2.3
Carsen Edwards,23,1782621.0,5.1,0.6,1.1,0.076,1,2.33,27.89129141043443,0.0,0.0,0.0,0.0,0.0,1.0,0.0,4.0,0.0,19.8,2.3,7.5,0.3,1.0,4.0,0.25,1.3,3.5,0.35700000000000004,0.36700000000000005,0.3,0.3,1.0,0.5,1.0,0.5,0.0,1.3,1.0
Caleb Martin,26,1782621.0,5.3,1.1,2.6,0.076,1,3.0,24.30679709900489,0.0,0.0,1.0,0.0,0.0,0.0,0.0,60.0,12.0,22.9,3.5,6.8,0.507,1.1,2.6,0.413,2.4,4.3,0.565,0.585,1.2,1.6,0.763,1.2,2.7,1.0,0.5,0.9,1.7
Cedi Osman,26,8133334.0,10.1,2.7,3.6,0.076,3,2.31,25.90770709822144,0.0,0.0,1.0,0.0,0.0,0.0,0.0,66.0,3.0,22.2,3.7,8.7,0.43200000000000005,1.9,5.4,0.35700000000000004,1.8,3.2,0.5589999999999999,0.544,1.3,2.0,0.664,0.4,1.8,0.8,0.2,1.0,1.9
Taurean Prince,27,13000000.0,8.3,1.7,3.6,0.076,4,1.12,24.556000640922928,0.0,0.0,1.0,0.0,0.0,0.0,0.0,69.0,8.0,17.1,2.6,5.7,0.45399999999999996,1.2,3.3,0.376,1.3,2.3,0.565,0.564,0.9,1.2,0.7559999999999999,0.4,2.1,0.7,0.3,0.8,1.7
Derrick White,27,15678571.0,12.8,3.4,2.4,0.076,3,1.29,23.125,0.0,0.0,0.0,0.0,0.0,1.0,0.0,75.0,52.0,29.3,4.5,10.7,0.42100000000000004,1.5,4.9,0.312,3.0,5.7,0.515,0.493,2.7,3.1,0.8640000000000001,0.5,3.0,0.9,0.8,1.6,2.3
Kevin Huerter,23,4253357.0,11.9,3.6,3.7,0.077,2,1.19,21.402018907226406,0.0,0.0,0.0,0.0,0.0,0.0,1.0,74.0,60.0,29.6,4.7,10.3,0.45399999999999996,2.2,5.6,0.389,2.5,4.7,0.53,0.5589999999999999,0.6,0.7,0.8079999999999999,0.4,3.0,0.7,0.4,1.2,2.5
Damyean Dotson,27,2000000.0,6.7,2.2,1.9,0.077,3,2.44,24.89964580873672,0.0,0.0,0.0,0.0,0.0,1.0,0.0,2.0,0.0,10.5,1.0,2.0,0.5,0.0,0.5,0.0,1.0,1.5,0.667,0.5,0.0,0.0,0.0,0.0,1.0,0.0,0.0,0.0,0.0
Isaiah Hartenstein,23,1762796.0,3.5,0.5,2.8,0.077,2,2.43,24.907879818594107,0.0,1.0,0.0,0.0,0.0,0.0,0.0,68.0,0.0,17.9,3.4,5.4,0.626,0.2,0.4,0.467,3.2,4.9,0.64,0.645,1.3,1.9,0.6890000000000001,1.7,3.2,0.7,1.1,1.2,2.5
Jake Layman,27,3940184.0,6.1,0.8,1.9,0.077,4,2.47,22.95734375,0.0,0.0,1.0,0.0,0.0,0.0,0.0,34.0,1.0,6.8,0.9,2.1,0.41100000000000003,0.2,1.0,0.22899999999999998,0.6,1.1,0.579,0.466,0.4,0.5,0.722,0.2,0.9,0.2,0.1,0.3,0.4
Svi Mykhailiuk,24,2079826.0,7.0,1.6,2.1,0.077,2,2.47,23.091651978849544,0.0,0.0,0.0,0.0,0.0,0.0,1.0,56.0,5.0,12.8,1.6,4.2,0.389,0.7,2.4,0.306,0.9,1.8,0.5,0.47600000000000003,0.6,0.7,0.865,0.4,1.3,0.5,0.1,0.6,1.0
Anfernee Simons,22,3938818.0,8.0,1.4,2.3,0.077,2,1.24,22.62097777777777,0.0,0.0,0.0,0.0,0.0,1.0,0.0,57.0,30.0,29.5,6.2,14.0,0.44299999999999995,3.1,7.8,0.405,3.1,6.2,0.49,0.555,1.8,2.0,0.888,0.5,2.2,0.5,0.1,2.0,1.9
Chris Silva,25,1782621.0,2.7,0.5,2.3,0.077,1,3.0,25.7034375,0.0,0.0,1.0,0.0,0.0,0.0,0.0,10.0,0.0,9.1,0.8,1.5,0.5329999999999999,0.0,0.0,0.0,0.8,1.5,0.5329999999999999,0.5329999999999999,1.0,1.2,0.833,1.3,2.3,0.0,0.1,0.8,2.0
Brook Lopez,33,13302325.0,11.4,0.7,5.0,0.078,12,1.1,28.096088435374156,1.0,0.0,0.0,0.0,0.0,0.0,0.0,13.0,11.0,22.9,4.7,10.1,0.466,1.5,4.1,0.358,3.2,6.0,0.5379999999999999,0.5379999999999999,1.5,1.8,0.87,1.5,2.6,0.6,1.2,0.9,2.6
Buddy Hield,29,22768890.0,16.9,3.3,4.6,0.078,4,1.6,26.77631578947368,0.0,0.0,0.0,0.0,0.0,1.0,0.0,81.0,32.0,30.9,5.5,13.6,0.406,3.2,8.8,0.366,2.3,4.7,0.48200000000000004,0.526,1.4,1.6,0.8740000000000001,0.8,3.5,0.9,0.3,1.9,2.3
Juancho Hernangomez,26,7012440.0,6.2,0.6,4.2,0.079,4,1.15,22.92973632068282,0.0,0.0,1.0,0.0,0.0,0.0,0.0,40.0,9.0,11.1,1.1,2.7,0.415,0.6,1.7,0.348,0.5,0.9,0.541,0.528,0.5,0.9,0.5589999999999999,0.7,1.8,0.4,0.3,0.4,0.6
Bogdan Bogdanovic,29,18000000.0,9.6,2.3,3.3,0.08,3,1.27,25.42077580539119,0.0,0.0,0.0,0.0,0.0,1.0,0.0,63.0,27.0,29.3,5.4,12.6,0.431,2.7,7.3,0.368,2.7,5.3,0.516,0.537,1.5,1.8,0.843,0.5,3.5,1.1,0.2,1.1,2.1
Frank Jackson,23,1789256.0,5.2,0.8,1.4,0.08,2,2.31,25.620444444444445,0.0,0.0,0.0,0.0,0.0,1.0,0.0,53.0,7.0,22.0,3.7,9.1,0.402,1.6,5.3,0.308,2.0,3.8,0.529,0.491,1.6,2.0,0.8270000000000001,0.4,1.3,0.5,0.2,0.7,1.7
Terance Mann,25,1782621.0,5.3,1.2,3.4,0.08,1,2.48,25.492494518468547,0.0,0.0,0.0,0.0,0.0,0.0,1.0,81.0,33.0,28.6,4.1,8.5,0.484,0.9,2.6,0.365,3.2,6.0,0.535,0.539,1.6,2.0,0.78,1.3,4.0,0.7,0.3,1.0,2.2
Will Barton,30,14669642.0,13.0,3.2,4.1,0.081,8,2.4,20.914365548980935,0.0,0.0,0.0,0.0,0.0,1.0,0.0,71.0,71.0,32.1,5.5,12.6,0.43799999999999994,2.2,6.1,0.365,3.3,6.6,0.504,0.525,1.4,1.8,0.8029999999999999,0.6,4.2,0.8,0.4,1.8,1.6
Andre Iguodala,37,15000000.0,4.7,2.1,3.6,0.081,16,1.9,24.84303090072321,0.0,0.0,0.0,0.0,0.0,0.0,1.0,31.0,0.0,19.5,1.5,3.9,0.38,0.5,2.4,0.23,0.9,1.5,0.617,0.45,0.5,0.6,0.75,0.7,2.5,0.9,0.7,0.9,1.1
Markelle Fultz,23,16500000.0,12.9,5.4,3.1,0.081,3,1.1,26.12035555555555,0.0,0.0,0.0,0.0,0.0,1.0,0.0,18.0,3.0,20.0,4.6,9.7,0.474,0.2,0.9,0.235,4.4,8.8,0.5,0.486,1.4,1.7,0.8059999999999999,0.2,2.5,1.1,0.3,2.2,1.2
Bojan Bogdanovic,32,18700000.0,14.9,1.9,3.9,0.081,6,2.31,25.457138279121942,0.0,0.0,1.0,0.0,0.0,0.0,0.0,69.0,69.0,30.9,6.1,13.4,0.455,2.6,6.8,0.387,3.5,6.7,0.524,0.552,3.2,3.8,0.858,0.8,3.4,0.5,0.0,1.7,1.7
Kris Dunn,27,5005350.0,7.3,3.4,3.6,0.08199999999999999,4,1.5,25.620444444444445,0.0,0.0,0.0,0.0,0.0,1.0,0.0,14.0,3.0,24.0,3.1,7.3,0.431,0.1,0.8,0.091,3.1,6.5,0.473,0.436,1.2,1.3,0.9440000000000001,0.6,2.9,1.6,0.2,2.3,2.7
Maxi Kleber,29,8825000.0,7.8,1.4,5.4,0.08199999999999999,3,3.0,25.09220701963117,0.0,0.0,1.0,0.0,0.0,0.0,0.0,59.0,21.0,24.6,2.4,6.0,0.39799999999999996,1.4,4.3,0.325,1.0,1.7,0.586,0.516,0.8,1.1,0.708,1.2,4.7,0.5,1.0,0.8,2.3
John Konchar,25,2200000.0,4.0,1.1,3.3,0.08199999999999999,1,3.0,24.89964580873672,0.0,0.0,0.0,0.0,0.0,1.0,0.0,72.0,7.0,17.9,1.9,3.6,0.515,0.7,1.8,0.413,1.2,1.9,0.61,0.615,0.4,0.7,0.551,1.2,3.4,0.6,0.3,0.4,1.3
Pat Connaughton,28,5333334.0,6.9,1.3,4.5,0.08199999999999999,5,2.41,24.78107606679035,0.0,0.0,0.0,0.0,0.0,1.0,0.0,65.0,19.0,26.0,3.5,7.6,0.45799999999999996,2.2,5.7,0.395,1.2,1.9,0.643,0.605,0.7,0.8,0.833,0.7,3.5,0.9,0.2,0.5,1.3
Seth Curry,31,8207518.0,12.9,2.9,2.2,0.08199999999999999,6,3.0,23.75,0.0,0.0,0.0,0.0,0.0,1.0,0.0,64.0,64.0,33.4,5.6,11.5,0.48700000000000004,2.5,5.8,0.42200000000000004,3.2,5.7,0.5529999999999999,0.594,1.3,1.5,0.872,0.3,2.8,0.8,0.2,1.7,2.3
Dean Wade,25,1782621.0,4.1,0.8,2.3,0.083,1,3.0,24.429812528577962,0.0,0.0,0.0,1.0,0.0,0.0,0.0,51.0,28.0,19.2,1.9,4.3,0.456,1.0,2.8,0.359,0.9,1.5,0.64,0.574,0.4,0.6,0.667,0.6,2.3,0.6,0.1,0.3,1.7
Trey Burke,29,3150000.0,7.0,1.5,0.9,0.083,7,1.9,25.087770061728396,0.0,0.0,0.0,0.0,0.0,1.0,0.0,42.0,0.0,10.5,2.0,5.1,0.391,0.6,2.0,0.317,1.4,3.2,0.436,0.451,0.5,0.5,0.87,0.1,0.7,0.3,0.0,0.6,0.9
Joe Harris,30,17357143.0,14.7,1.8,3.5,0.085,6,2.33,25.42077580539119,0.0,0.0,0.0,0.0,0.0,0.0,1.0,14.0,14.0,30.2,4.0,8.9,0.452,2.9,6.3,0.466,1.1,2.6,0.41700000000000004,0.617,0.4,0.4,0.833,0.4,3.6,0.5,0.1,1.1,2.2
Blake Griffin,32,29764126.0,11.6,3.5,5.0,0.085,10,1.1,26.787075140984605,0.0,0.0,1.0,0.0,0.0,0.0,0.0,56.0,24.0,17.1,2.4,5.6,0.425,0.7,2.6,0.262,1.7,3.0,0.565,0.486,1.0,1.4,0.7240000000000001,1.1,3.0,0.5,0.3,0.6,1.7
Josh Jackson,24,5005350.0,13.2,2.1,4.2,0.085,3,1.4,22.73765625,0.0,0.0,0.0,0.0,0.0,0.0,1.0,51.0,3.0,16.3,2.4,5.9,0.4,0.6,2.5,0.254,1.7,3.3,0.512,0.455,1.1,1.5,0.7140000000000001,0.4,2.4,0.5,0.4,0.9,1.7
Grayson Allen,26,4054695.0,9.5,2.1,3.1,0.085,2,1.21,24.09868421052632,0.0,0.0,0.0,0.0,0.0,1.0,0.0,66.0,61.0,27.3,3.9,8.6,0.44799999999999995,2.4,5.9,0.409,1.5,2.7,0.5329999999999999,0.588,1.0,1.1,0.865,0.5,2.9,0.7,0.3,0.7,1.5
Rui Hachimura,23,4916160.0,13.4,1.5,5.8,0.085,1,1.9,25.2640625,0.0,0.0,1.0,0.0,0.0,0.0,0.0,42.0,13.0,22.5,4.5,9.1,0.491,1.3,2.9,0.447,3.1,6.1,0.512,0.563,1.1,1.6,0.6970000000000001,0.6,3.2,0.5,0.2,0.8,1.3
Nicolas Batum,33,9043478.0,8.6,2.3,4.7,0.086,12,1.25,25.2640625,0.0,0.0,0.0,0.0,0.0,0.0,1.0,59.0,54.0,24.8,3.0,6.6,0.46299999999999997,1.8,4.6,0.4,1.2,2.0,0.607,0.602,0.4,0.6,0.6579999999999999,0.5,3.8,1.0,0.7,0.7,1.4
Coby White,21,5837760.0,15.2,4.7,4.6,0.087,1,1.7,23.12109967954124,0.0,0.0,0.0,0.0,0.0,1.0,0.0,61.0,17.0,27.5,4.6,10.6,0.433,2.2,5.8,0.385,2.3,4.8,0.491,0.539,1.3,1.5,0.857,0.3,2.7,0.5,0.2,1.1,2.2
Dylan Windler,25,2239200.0,5.4,1.1,3.6,0.087,0,1.26,22.647600262984877,0.0,0.0,0.0,0.0,0.0,0.0,1.0,50.0,0.0,9.2,0.7,2.0,0.37799999999999995,0.4,1.4,0.3,0.3,0.6,0.5710000000000001,0.485,0.3,0.4,0.833,0.4,1.4,0.3,0.1,0.3,0.9
PJ Dozier,25,1910860.0,7.7,1.6,3.8,0.087,3,3.0,23.68754109138725,0.0,0.0,0.0,0.0,0.0,0.0,1.0,18.0,0.0,18.9,2.0,5.5,0.364,0.8,2.7,0.313,1.2,2.8,0.41200000000000003,0.439,0.6,0.7,0.769,0.8,2.7,0.6,0.3,0.7,1.8
Luke Kennard,25,12727273.0,8.0,1.8,2.7,0.087,3,1.12,24.425366840951252,0.0,0.0,0.0,0.0,0.0,1.0,0.0,70.0,13.0,27.4,4.1,9.1,0.449,2.7,6.0,0.449,1.4,3.1,0.449,0.598,1.0,1.1,0.8959999999999999,0.3,3.0,0.6,0.1,0.9,1.4
Darius Bazley,21,2513040.0,11.9,1.5,7.5,0.087,1,1.23,22.8475,0.0,0.0,0.0,0.0,1.0,0.0,0.0,69.0,53.0,27.9,4.0,9.4,0.42200000000000004,1.2,3.9,0.297,2.8,5.5,0.511,0.484,1.7,2.5,0.688,1.0,5.3,0.8,1.0,1.3,1.0
Tremont Waters,23,1669178.0,3.0,2.7,0.7,0.08800000000000001,1,2.51,25.107142857142854,0.0,0.0,0.0,0.0,0.0,1.0,0.0,3.0,0.0,16.7,1.3,4.7,0.28600000000000003,0.7,3.0,0.222,0.7,1.7,0.4,0.35700000000000004,0.0,0.0,0.0,0.0,1.3,1.7,0.0,1.3,1.3
Miles Bridges,23,5421493.0,9.6,2.0,5.6,0.08800000000000001,2,1.12,25.99852071005917,0.0,0.0,1.0,0.0,0.0,0.0,0.0,80.0,80.0,35.5,7.5,15.2,0.491,1.9,5.8,0.331,5.5,9.4,0.59,0.5539999999999999,3.3,4.2,0.802,1.1,5.9,0.9,0.8,1.9,2.4
Jae Crowder,31,9720900.0,10.1,2.0,5.0,0.08800000000000001,8,2.34,27.154010519395126,0.0,0.0,1.0,0.0,0.0,0.0,0.0,67.0,67.0,28.1,3.2,8.1,0.39899999999999997,1.9,5.4,0.348,1.3,2.7,0.503,0.516,1.1,1.3,0.789,0.4,4.8,1.4,0.4,0.8,2.6
Monte Morris,26,8449074.0,10.4,3.4,2.2,0.08900000000000001,3,2.51,23.493243243243235,0.0,0.0,0.0,0.0,0.0,1.0,0.0,75.0,74.0,29.9,5.0,10.3,0.484,1.7,4.2,0.395,3.3,6.1,0.545,0.564,1.0,1.1,0.8690000000000001,0.4,2.7,0.7,0.2,1.0,1.2
Drew Eubanks,24,1762796.0,4.6,0.9,3.2,0.08900000000000001,2,3.0,26.251333638164912,0.0,0.0,0.0,1.0,0.0,0.0,0.0,71.0,31.0,17.5,3.1,5.2,0.596,0.1,0.3,0.217,3.0,4.9,0.621,0.602,1.4,1.8,0.762,1.8,3.5,0.4,0.6,1.1,1.7
Marcus Smart,27,14339285.0,12.8,5.4,2.8,0.09,6,1.6,27.49511111111111,0.0,0.0,0.0,0.0,0.0,1.0,0.0,71.0,71.0,32.3,4.2,10.1,0.418,1.7,5.1,0.331,2.5,5.0,0.506,0.501,2.0,2.5,0.7929999999999999,0.6,3.2,1.7,0.3,2.2,2.3
Devonte' Graham,26,4736102.0,13.1,5.2,2.7,0.09,2,2.34,25.724338525051607,0.0,0.0,0.0,0.0,0.0,1.0,0.0,76.0,63.0,28.4,3.9,10.7,0.363,2.5,7.4,0.341,1.4,3.3,0.413,0.48100000000000004,1.6,1.8,0.843,0.5,1.8,0.9,0.2,1.4,1.3
Darius Garland,21,7040880.0,16.4,5.8,2.2,0.09,1,1.5,25.328579470820042,0.0,0.0,0.0,0.0,0.0,1.0,0.0,68.0,68.0,35.7,8.0,17.3,0.462,2.6,6.7,0.38299999999999995,5.4,10.6,0.512,0.536,3.2,3.5,0.892,0.6,2.7,1.3,0.1,3.6,1.7
Jaylen Nowell,22,1782621.0,10.5,1.4,2.2,0.09,1,2.43,24.46381578947368,0.0,0.0,0.0,0.0,0.0,1.0,0.0,62.0,1.0,15.7,3.2,6.7,0.475,1.0,2.6,0.39399999999999996,2.1,4.1,0.526,0.551,1.2,1.5,0.7829999999999999,0.4,1.6,0.4,0.2,0.6,1.2
Cameron Johnson,25,4437000.0,10.3,1.4,3.3,0.09,1,1.11,23.0671875,0.0,0.0,1.0,0.0,0.0,0.0,0.0,66.0,16.0,26.2,4.2,9.2,0.46,2.5,5.9,0.425,1.7,3.3,0.523,0.596,1.5,1.7,0.86,0.6,3.5,0.9,0.2,0.7,1.7
Cody Martin,26,1782621.0,3.8,1.2,2.4,0.091,1,2.36,24.30679709900489,0.0,0.0,1.0,0.0,0.0,0.0,0.0,71.0,11.0,26.3,2.9,6.0,0.48200000000000004,0.9,2.2,0.384,2.0,3.7,0.542,0.5539999999999999,1.1,1.5,0.701,1.2,2.9,1.2,0.5,0.9,1.6
Ty Jerome,24,2412840.0,9.9,3.6,3.5,0.091,1,1.24,23.12109967954124,0.0,0.0,0.0,0.0,0.0,0.0,1.0,48.0,4.0,16.7,2.6,6.8,0.37799999999999995,1.1,3.9,0.29,1.5,3.0,0.493,0.46,0.8,1.0,0.809,0.4,1.2,0.6,0.1,0.8,1.5
Rodney McGruder,30,5000000.0,5.6,1.0,1.4,0.092,4,3.0,24.95065789473684,0.0,0.0,0.0,0.0,0.0,1.0,0.0,51.0,2.0,14.8,1.9,4.4,0.436,1.1,2.9,0.397,0.8,1.5,0.506,0.564,0.4,0.5,0.731,0.6,1.6,0.4,0.1,0.5,1.1
Terrence Ross,30,12500000.0,16.0,2.3,3.5,0.092,8,1.8,23.80309007232084,0.0,0.0,0.0,0.0,0.0,0.0,1.0,63.0,0.0,23.0,3.5,8.8,0.397,1.2,4.2,0.292,2.3,4.6,0.493,0.467,1.8,2.1,0.862,0.3,2.2,0.4,0.2,1.2,1.1
OG Anunoby,24,16071429.0,14.0,1.6,5.7,0.092,3,1.23,26.13299150777119,0.0,0.0,1.0,0.0,0.0,0.0,0.0,48.0,48.0,36.0,6.4,14.5,0.44299999999999995,2.4,6.6,0.363,4.0,7.9,0.511,0.526,1.9,2.5,0.754,1.5,4.0,1.5,0.5,1.7,2.7
Malik Monk,23,7318246.0,12.3,1.8,2.7,0.09300000000000001,3,1.11,24.995555555555555,0.0,0.0,0.0,0.0,0.0,1.0,0.0,76.0,37.0,28.1,5.1,10.9,0.473,2.3,5.8,0.391,2.9,5.1,0.568,0.578,1.2,1.5,0.795,0.5,2.9,0.8,0.4,1.6,1.8
Kevon Looney,25,5178572.0,3.9,1.6,4.2,0.09300000000000001,5,1.3,23.78692272519433,0.0,0.0,1.0,0.0,0.0,0.0,0.0,82.0,80.0,21.1,2.5,4.4,0.5710000000000001,0.0,0.0,0.0,2.5,4.4,0.573,0.5710000000000001,0.9,1.5,0.6,2.5,4.7,0.6,0.6,0.8,2.6
Steven Adams,28,17073171.0,8.1,2.0,9.2,0.09300000000000001,7,1.12,27.042386413122372,1.0,0.0,0.0,0.0,0.0,0.0,0.0,76.0,75.0,26.3,2.8,5.1,0.547,0.0,0.0,0.0,2.8,5.0,0.5479999999999999,0.547,1.4,2.6,0.5429999999999999,4.6,5.4,0.9,0.8,1.5,2.0
Tacko Fall,26,1669178.0,2.9,0.2,2.4,0.094,1,3.0,27.60169170559273,1.0,0.0,0.0,0.0,0.0,0.0,0.0,11.0,1.0,5.4,0.5,1.1,0.41700000000000004,0.0,0.0,0.0,0.5,1.1,0.41700000000000004,0.41700000000000004,0.2,0.6,0.28600000000000003,0.6,1.5,0.0,0.5,0.3,0.3
Myles Turner,25,18000000.0,13.2,1.0,6.5,0.094,5,1.11,25.511685295398465,0.0,1.0,0.0,0.0,0.0,0.0,0.0,42.0,42.0,29.4,4.8,9.4,0.509,1.5,4.4,0.33299999999999996,3.3,5.0,0.662,0.5870000000000001,1.9,2.5,0.752,1.5,5.5,0.7,2.8,1.3,2.8
Chris Chiozza,26,1729217.0,3.5,2.4,1.1,0.095,2,3.0,24.40487998413013,0.0,0.0,0.0,0.0,0.0,1.0,0.0,34.0,1.0,10.9,0.7,2.4,0.29600000000000004,0.5,1.6,0.321,0.2,0.8,0.25,0.401,0.1,0.1,0.667,0.3,0.8,0.4,0.0,0.9,0.9
JaMychal Green,31,7559748.0,8.7,0.8,5.5,0.095,6,3.0,24.93453125,0.0,0.0,0.0,1.0,0.0,0.0,0.0,67.0,8.0,16.2,2.4,4.9,0.486,0.5,1.9,0.266,1.9,3.0,0.621,0.537,1.2,1.4,0.871,1.2,3.0,0.6,0.4,0.9,2.4
Andrew Wiggins,26,31579390.0,17.7,2.1,4.6,0.095,6,1.1,22.190514340650534,0.0,0.0,1.0,0.0,0.0,0.0,0.0,73.0,73.0,31.9,6.5,14.0,0.466,2.2,5.5,0.39299999999999996,4.4,8.5,0.513,0.5429999999999999,2.0,3.2,0.634,1.2,3.3,1.0,0.7,1.5,2.2
Damion Lee,29,1910860.0,6.7,1.4,3.3,0.095,3,3.0,24.89964580873672,0.0,0.0,0.0,0.0,0.0,0.0,1.0,63.0,5.0,19.9,2.7,6.1,0.441,1.0,3.0,0.337,1.7,3.1,0.541,0.523,1.0,1.2,0.88,0.4,2.8,0.6,0.1,0.6,1.5
Rajon Rondo,35,8250000.0,3.9,3.5,2.0,0.095,14,1.21,23.74554325389379,0.0,0.0,0.0,0.0,0.0,1.0,0.0,39.0,1.0,17.9,1.7,4.5,0.386,0.8,2.3,0.35200000000000004,0.9,2.3,0.42,0.474,0.5,0.7,0.731,0.4,2.4,0.8,0.2,1.7,1.4
Isaiah Roby,23,1782621.0,9.0,1.7,5.5,0.095,1,2.45,25.2640625,0.0,0.0,1.0,0.0,0.0,0.0,0.0,45.0,28.0,21.1,3.7,7.2,0.514,1.0,2.2,0.444,2.7,5.0,0.545,0.5820000000000001,1.7,2.6,0.672,1.7,3.2,0.8,0.8,1.0,2.4
Marvin Bagley III,22,11312114.0,13.9,0.9,7.4,0.095,2,1.2,23.980984177674557,0.0,0.0,1.0,0.0,0.0,0.0,0.0,48.0,25.0,23.9,4.7,9.3,0.504,0.5,2.0,0.237,4.2,7.3,0.579,0.53,1.4,2.1,0.6629999999999999,2.2,4.9,0.5,0.4,0.8,1.9
Draymond Green,31,24026712.0,6.1,8.4,6.6,0.09699999999999999,8,2.35,26.57626561472716,0.0,0.0,1.0,0.0,0.0,0.0,0.0,46.0,44.0,28.9,2.9,5.6,0.525,0.3,1.2,0.29600000000000004,2.6,4.4,0.586,0.556,1.3,2.0,0.659,1.0,6.3,1.3,1.1,3.0,3.0
Eric Paschall,25,1782621.0,9.5,1.3,3.2,0.09699999999999999,1,2.41,29.464990138067066,0.0,0.0,1.0,0.0,0.0,0.0,0.0,58.0,3.0,12.7,2.0,4.1,0.485,0.7,1.9,0.37,1.3,2.2,0.583,0.57,1.1,1.5,0.767,0.5,1.3,0.2,0.1,0.5,0.9
Eric Gordon,33,18218818.0,17.8,2.6,2.1,0.09699999999999999,12,1.7,26.870222222222218,0.0,0.0,0.0,0.0,0.0,1.0,0.0,57.0,46.0,29.3,4.7,9.9,0.475,2.2,5.3,0.41200000000000003,2.5,4.6,0.5479999999999999,0.585,1.8,2.4,0.778,0.3,1.7,0.5,0.3,1.9,1.1
Josh Hart,26,5236739.0,9.1,2.2,7.6,0.09699999999999999,3,1.3,25.492494518468547,0.0,0.0,0.0,0.0,0.0,1.0,0.0,54.0,53.0,33.2,5.3,10.5,0.504,1.4,3.9,0.34299999999999997,4.0,6.6,0.601,0.569,3.0,3.9,0.758,1.1,6.0,1.1,0.2,2.1,2.8
Kenrich Williams,27,2000000.0,7.0,1.8,4.1,0.098,2,3.0,24.26528599605523,0.0,0.0,0.0,0.0,0.0,0.0,1.0,49.0,0.0,21.9,3.0,6.5,0.461,0.8,2.5,0.33899999999999997,2.1,4.0,0.536,0.525,0.6,1.1,0.545,1.5,3.0,0.9,0.2,0.9,1.7
Shake Milton,25,1846738.0,13.8,3.1,2.3,0.098,2,2.54,24.30679709900489,0.0,0.0,0.0,0.0,0.0,0.0,1.0,55.0,6.0,21.4,3.1,7.3,0.429,0.8,2.4,0.32299999999999995,2.4,4.9,0.48100000000000004,0.483,1.1,1.3,0.836,0.5,2.0,0.5,0.3,0.8,1.8
Tyler Herro,21,4004280.0,15.1,3.4,5.4,0.099,1,1.13,23.12109967954124,0.0,0.0,0.0,0.0,0.0,1.0,0.0,66.0,10.0,32.6,7.6,17.0,0.447,2.7,6.7,0.39899999999999997,4.9,10.3,0.47700000000000004,0.525,2.9,3.3,0.868,0.5,4.5,0.7,0.1,2.6,1.4
Jordan McLaughlin,25,1669178.0,5.4,4.7,2.3,0.099,1,3.0,25.799444554651853,0.0,0.0,0.0,0.0,0.0,1.0,0.0,62.0,3.0,14.5,1.4,3.2,0.44,0.4,1.4,0.318,1.0,1.9,0.53,0.508,0.5,0.6,0.75,0.4,1.2,0.9,0.2,0.6,0.9
Lonzo Ball,24,14359936.0,14.2,5.6,4.2,0.099,3,1.2,21.9543063773833,0.0,0.0,0.0,0.0,0.0,1.0,0.0,35.0,35.0,34.6,4.6,10.9,0.423,3.1,7.4,0.423,1.5,3.5,0.423,0.5670000000000001,0.6,0.8,0.75,1.0,4.4,1.8,0.9,2.3,2.4
Jakob Poeltl,26,8750000.0,7.1,1.8,7.8,0.099,4,1.9,23.838754325259515,1.0,0.0,0.0,0.0,0.0,0.0,0.0,68.0,67.0,29.0,6.0,9.8,0.618,0.0,0.0,1.0,6.0,9.7,0.618,0.619,1.4,2.8,0.495,3.9,5.5,0.7,1.7,1.6,3.1
Daniel Gafford,23,1782621.0,4.8,0.6,3.3,0.099,1,2.38,24.464901844140392,0.0,0.0,0.0,1.0,0.0,0.0,0.0,72.0,53.0,20.1,4.0,5.7,0.693,0.0,0.0,0.0,4.0,5.7,0.695,0.693,1.5,2.1,0.6990000000000001,2.2,3.5,0.4,1.4,0.9,2.4
Kyle Kuzma,26,13000000.0,12.1,1.5,6.7,0.1,3,1.27,23.10574063057704,0.0,0.0,1.0,0.0,0.0,0.0,0.0,66.0,66.0,33.4,6.4,14.2,0.452,1.9,5.7,0.341,4.5,8.5,0.526,0.52,2.4,3.3,0.7120000000000001,1.1,7.4,0.6,0.9,2.6,1.9
Keldon Johnson,22,2145720.0,13.9,2.0,6.5,0.1,1,1.29,26.08534322820037,0.0,0.0,0.0,0.0,1.0,0.0,0.0,75.0,74.0,31.9,6.3,13.5,0.466,2.1,5.3,0.39799999999999996,4.2,8.2,0.51,0.545,2.4,3.1,0.7559999999999999,1.1,5.0,0.8,0.2,1.2,2.0
Ricky Rubio,31,17800000.0,8.8,6.8,3.2,0.10099999999999999,9,1.5,23.745777777777768,0.0,0.0,0.0,0.0,0.0,1.0,0.0,34.0,8.0,28.5,4.4,12.1,0.363,1.7,5.1,0.33899999999999997,2.6,7.0,0.38,0.434,2.6,3.0,0.8540000000000001,0.4,3.7,1.4,0.2,2.6,2.2
RJ Barrett,21,8623920.0,17.3,3.0,6.1,0.10099999999999999,1,1.3,24.72748191978961,0.0,0.0,0.0,0.0,1.0,0.0,0.0,70.0,70.0,34.5,7.0,17.1,0.408,2.0,5.8,0.342,5.0,11.3,0.442,0.466,4.1,5.8,0.7140000000000001,0.9,4.9,0.6,0.2,2.2,2.0
George Hill,35,10047297.0,11.8,3.1,2.1,0.10099999999999999,12,1.26,22.88157894736842,0.0,0.0,0.0,0.0,0.0,1.0,0.0,54.0,17.0,23.2,2.2,5.1,0.429,0.8,2.5,0.306,1.4,2.6,0.546,0.504,1.1,1.1,0.919,0.7,2.2,0.8,0.1,0.8,1.3
Spencer Dinwiddie,28,12302496.0,6.7,3.0,4.3,0.102,6,2.38,25.492494518468547,0.0,0.0,0.0,0.0,0.0,1.0,0.0,67.0,51.0,29.6,4.6,11.0,0.41600000000000004,1.7,4.9,0.33899999999999997,2.9,6.0,0.479,0.493,2.9,3.8,0.774,0.7,3.5,0.7,0.2,1.6,2.2
Tomas Satoransky,30,10000000.0,7.5,4.8,2.5,0.102,4,2.32,23.65486300272392,0.0,0.0,0.0,0.0,0.0,1.0,0.0,55.0,13.0,16.5,1.3,3.5,0.377,0.2,1.0,0.20800000000000002,1.1,2.5,0.442,0.406,0.8,1.0,0.7959999999999999,0.5,1.8,0.5,0.1,0.8,1.3
Goran Dragic,35,19440000.0,13.9,4.9,3.3,0.102,12,2.45,23.745777777777768,0.0,0.0,0.0,0.0,0.0,1.0,0.0,21.0,8.0,23.7,2.7,7.2,0.377,0.8,3.0,0.254,2.0,4.2,0.466,0.43,1.3,1.6,0.818,0.6,2.5,0.9,0.2,1.6,2.1
Hamidou Diallo,23,2079826.0,11.9,2.4,5.2,0.10300000000000001,2,2.45,23.951087873165804,0.0,0.0,0.0,0.0,0.0,1.0,0.0,58.0,29.0,21.9,4.5,9.1,0.496,0.4,1.6,0.247,4.1,7.5,0.55,0.518,1.6,2.4,0.65,1.2,3.6,1.2,0.3,1.0,2.5
Klay Thompson,31,37980720.0,21.5,2.4,3.8,0.10300000000000001,8,1.11,24.84303090072321,0.0,0.0,0.0,0.0,0.0,1.0,0.0,32.0,32.0,29.4,7.7,17.9,0.429,3.6,9.3,0.385,4.1,8.7,0.47700000000000004,0.529,1.4,1.6,0.902,0.5,3.4,0.5,0.5,1.3,1.7
Alfonzo McKinnie,29,1910860.0,2.5,0.1,1.1,0.10300000000000001,3,3.0,24.218074026598305,0.0,0.0,1.0,0.0,0.0,0.0,0.0,17.0,3.0,12.1,1.4,3.6,0.39299999999999996,0.5,1.6,0.33299999999999996,0.9,2.0,0.441,0.467,0.1,0.5,0.25,0.8,1.2,0.1,0.2,0.4,1.5
Jusuf Nurkic,27,12000000.0,9.8,2.8,7.7,0.10300000000000001,6,1.16,29.59355494266221,1.0,0.0,0.0,0.0,0.0,0.0,0.0,56.0,56.0,28.2,5.7,10.7,0.535,0.3,1.0,0.268,5.5,9.7,0.563,0.5479999999999999,3.3,4.8,0.69,3.0,8.1,1.1,0.6,2.6,3.4
Jeremy Lamb,29,10500000.0,11.1,1.6,3.6,0.10400000000000001,8,1.12,21.342553550345762,0.0,0.0,0.0,0.0,0.0,0.0,1.0,56.0,0.0,16.7,2.4,6.2,0.38299999999999995,1.0,3.0,0.324,1.4,3.2,0.441,0.46299999999999997,1.6,1.9,0.84,0.5,2.3,0.6,0.4,0.7,1.1
D'Angelo Russell,25,30013500.0,19.3,5.1,2.6,0.10400000000000001,5,1.2,23.490131578947373,0.0,0.0,0.0,0.0,0.0,1.0,0.0,65.0,65.0,32.0,6.2,15.0,0.41100000000000003,2.7,8.0,0.34,3.5,7.0,0.49200000000000005,0.502,3.0,3.7,0.825,0.4,2.9,1.0,0.3,2.5,2.0
Mitchell Robinson,23,1802057.0,8.6,0.6,8.4,0.10400000000000001,2,2.36,23.911564625850342,0.0,1.0,0.0,0.0,0.0,0.0,0.0,72.0,62.0,25.7,3.6,4.8,0.7609999999999999,0.0,0.0,0.0,3.6,4.8,0.7609999999999999,0.7609999999999999,1.2,2.5,0.486,4.1,4.5,0.8,1.8,0.8,2.7
Mikal Bridges,25,5557725.0,13.7,2.4,4.9,0.10400000000000001,2,1.1,24.149737015121627,0.0,0.0,1.0,0.0,0.0,0.0,0.0,82.0,82.0,34.8,5.6,10.5,0.534,1.4,3.8,0.369,4.2,6.7,0.628,0.601,1.6,1.9,0.8340000000000001,0.9,3.3,1.2,0.4,0.8,1.8
Jaxson Hayes,21,5348280.0,5.5,0.5,3.5,0.105,1,1.8,22.450283059950646,0.0,1.0,0.0,0.0,0.0,0.0,0.0,70.0,28.0,20.0,3.5,5.7,0.616,0.3,0.8,0.35100000000000003,3.2,4.9,0.66,0.6409999999999999,2.1,2.7,0.7659999999999999,1.6,2.9,0.5,0.8,0.8,2.2
Tristan Thompson,30,9720900.0,7.9,1.0,8.4,0.106,9,1.4,27.21566834324036,0.0,1.0,0.0,0.0,0.0,0.0,0.0,57.0,6.0,15.7,2.5,4.7,0.528,0.0,0.1,0.33299999999999996,2.5,4.6,0.53,0.53,1.1,2.0,0.526,2.1,2.9,0.4,0.4,0.8,1.7
Norman Powell,28,11615328.0,19.5,1.8,3.0,0.106,5,2.46,26.870222222222218,0.0,0.0,0.0,0.0,0.0,1.0,0.0,45.0,41.0,32.4,6.2,13.4,0.461,2.4,5.6,0.419,3.8,7.8,0.491,0.5489999999999999,4.2,5.2,0.8109999999999999,0.4,2.8,0.9,0.5,1.5,2.4
Jarred Vanderbilt,22,2079826.0,5.6,1.4,5.6,0.107,2,2.41,22.92973632068282,0.0,0.0,1.0,0.0,0.0,0.0,0.0,74.0,67.0,25.4,2.9,4.9,0.5870000000000001,0.0,0.2,0.14300000000000002,2.8,4.7,0.605,0.59,1.2,1.8,0.6559999999999999,2.9,5.5,1.3,0.6,1.0,2.4
DeAndre Jordan,33,9881598.0,7.6,1.7,7.5,0.10800000000000001,12,2.35,27.042386413122372,1.0,0.0,0.0,0.0,0.0,0.0,0.0,48.0,20.0,13.0,1.9,3.0,0.643,0.0,0.0,0.0,1.9,3.0,0.643,0.643,0.5,0.8,0.55,1.7,3.8,0.3,0.7,0.8,1.5
Malik Beasley,25,14491964.0,20.5,2.5,4.6,0.109,4,1.19,22.759868421052637,0.0,0.0,0.0,0.0,0.0,1.0,0.0,79.0,18.0,25.0,4.2,10.8,0.391,3.0,8.1,0.377,1.2,2.7,0.43200000000000005,0.532,0.6,0.8,0.8170000000000001,0.3,2.5,0.5,0.2,0.5,1.1
Danilo Gallinari,33,20475000.0,12.8,1.5,3.9,0.11,11,1.6,24.360350981558593,0.0,0.0,1.0,0.0,0.0,0.0,0.0,66.0,18.0,25.3,3.9,9.0,0.434,1.7,4.5,0.381,2.2,4.6,0.485,0.528,2.1,2.4,0.904,0.5,4.1,0.4,0.2,0.6,1.4
Aaron Gordon,26,16409091.0,14.6,4.3,6.6,0.11,6,1.4,25.81328125,0.0,0.0,1.0,0.0,0.0,0.0,0.0,75.0,75.0,31.7,5.8,11.1,0.52,1.2,3.5,0.335,4.6,7.7,0.605,0.573,2.3,3.1,0.743,1.7,4.2,0.6,0.6,1.8,2.0
Brandon Clarke,25,2726880.0,11.8,1.5,5.5,0.11,1,1.21,23.61640625,0.0,0.0,1.0,0.0,0.0,0.0,0.0,64.0,1.0,19.5,4.5,7.0,0.644,0.1,0.3,0.22699999999999998,4.4,6.6,0.6659999999999999,0.65,1.3,2.0,0.654,2.1,3.2,0.6,1.1,0.5,1.9
Harrison Barnes,29,20284091.0,16.3,3.7,6.5,0.111,8,1.7,24.71484375,0.0,0.0,1.0,0.0,0.0,0.0,0.0,77.0,77.0,33.6,5.1,10.8,0.469,1.8,4.7,0.39399999999999996,3.2,6.2,0.525,0.5539999999999999,4.4,5.4,0.826,1.1,4.5,0.7,0.2,1.5,1.2
Derrick Favors,30,9720900.0,5.9,0.9,5.3,0.111,10,1.3,28.394299649443678,0.0,0.0,1.0,0.0,0.0,0.0,0.0,39.0,18.0,16.7,2.4,4.7,0.516,0.1,0.4,0.125,2.4,4.3,0.5539999999999999,0.522,0.4,0.6,0.64,1.5,3.2,0.4,0.3,0.2,1.6
Thomas Bryant,24,8666667.0,14.3,1.5,6.1,0.111,3,2.42,25.92861392028555,0.0,1.0,0.0,0.0,0.0,0.0,0.0,27.0,9.0,16.3,2.9,5.5,0.52,0.4,1.6,0.28600000000000003,2.4,3.9,0.613,0.561,1.3,1.5,0.875,1.0,3.0,0.2,0.8,0.7,1.6
Terry Rozier,27,17905263.0,20.2,3.3,3.8,0.11199999999999999,5,1.16,25.064740101332326,0.0,0.0,0.0,0.0,0.0,1.0,0.0,73.0,73.0,33.7,7.1,16.0,0.444,3.0,8.1,0.374,4.1,7.9,0.516,0.539,2.1,2.4,0.852,0.8,3.5,1.3,0.3,1.3,1.6
Lauri Markkanen,24,9026852.0,17.7,0.9,6.0,0.11199999999999999,3,1.7,23.911564625850342,0.0,0.0,0.0,1.0,0.0,0.0,0.0,61.0,61.0,30.8,5.1,11.5,0.445,2.2,6.2,0.358,2.9,5.3,0.5479999999999999,0.542,2.3,2.6,0.868,1.0,4.7,0.7,0.5,0.9,2.1
Collin Sexton,22,6349671.0,24.0,4.3,2.8,0.11199999999999999,2,1.8,25.064740101332326,0.0,0.0,0.0,0.0,0.0,1.0,0.0,11.0,11.0,28.7,6.2,13.7,0.45,1.0,4.1,0.244,5.2,9.6,0.5379999999999999,0.48700000000000004,2.6,3.5,0.7440000000000001,1.2,2.1,0.9,0.0,2.8,2.3
Serge Ibaka,32,9720900.0,10.9,1.7,6.7,0.11199999999999999,11,1.24,24.569452706722192,0.0,0.0,1.0,0.0,0.0,0.0,0.0,54.0,12.0,16.2,2.7,5.5,0.5,0.7,1.8,0.374,2.1,3.6,0.563,0.563,0.6,0.8,0.727,1.1,3.5,0.2,0.6,0.8,1.9
Naz Reid,22,1782621.0,11.4,1.2,4.6,0.113,1,3.0,28.287151348879746,0.0,1.0,0.0,0.0,0.0,0.0,0.0,77.0,6.0,15.8,3.0,6.2,0.489,0.7,2.2,0.34299999999999997,2.3,4.0,0.568,0.5489999999999999,1.5,1.9,0.765,1.3,2.6,0.5,0.9,1.1,2.2
De'Andre Hunter,24,7775400.0,16.7,2.2,5.2,0.114,1,1.4,24.71484375,0.0,0.0,0.0,0.0,1.0,0.0,0.0,53.0,52.0,29.8,4.8,10.8,0.442,1.4,3.7,0.379,3.4,7.2,0.474,0.506,2.4,3.1,0.765,0.5,2.8,0.7,0.4,1.3,2.9
Kemba Walker,31,36016200.0,17.7,4.6,3.6,0.114,9,1.9,24.95216049382716,0.0,0.0,0.0,0.0,0.0,1.0,0.0,37.0,37.0,25.6,4.0,10.0,0.40299999999999997,2.0,5.4,0.36700000000000005,2.1,4.6,0.444,0.501,1.6,1.9,0.845,0.4,2.6,0.7,0.2,1.3,1.0
Ja Morant,22,9603360.0,19.3,7.5,3.3,0.114,1,1.2,21.74613333333333,0.0,0.0,0.0,0.0,0.0,1.0,0.0,57.0,57.0,33.1,10.2,20.6,0.493,1.5,4.5,0.344,8.6,16.2,0.534,0.53,5.5,7.3,0.7609999999999999,1.4,4.4,1.2,0.4,3.4,1.5
Tyus Jones,25,8376286.0,7.5,4.3,2.2,0.114,5,1.24,26.579475308641968,0.0,0.0,0.0,0.0,0.0,1.0,0.0,73.0,23.0,21.2,3.4,7.6,0.451,1.1,2.8,0.39,2.3,4.8,0.48700000000000004,0.524,0.7,0.9,0.818,0.2,2.2,0.9,0.0,0.6,0.4
Caris LeVert,27,17500000.0,17.3,5.3,4.2,0.115,4,1.2,23.68754109138725,0.0,0.0,0.0,0.0,0.0,1.0,0.0,58.0,49.0,30.7,6.5,14.7,0.444,1.4,4.4,0.32,5.1,10.3,0.49700000000000005,0.49200000000000005,2.5,3.3,0.7559999999999999,0.7,2.9,0.9,0.4,1.9,2.3
De'Anthony Melton,23,8805976.0,9.6,2.9,3.4,0.115,2,2.46,25.675675675675674,0.0,0.0,0.0,0.0,0.0,1.0,0.0,73.0,15.0,22.7,3.8,9.5,0.40399999999999997,1.9,5.1,0.374,1.9,4.4,0.44,0.504,1.2,1.6,0.75,0.9,3.6,1.4,0.5,1.5,1.8
De'Aaron Fox,24,28103500.0,23.8,7.4,3.4,0.11599999999999999,3,1.5,23.12088888888889,0.0,0.0,0.0,0.0,0.0,1.0,0.0,59.0,59.0,35.3,8.7,18.5,0.473,1.3,4.2,0.297,7.5,14.3,0.524,0.506,4.4,5.9,0.75,0.4,3.5,1.2,0.4,2.8,2.9
Jordan Clarkson,29,12420000.0,17.5,2.2,3.9,0.11599999999999999,6,2.46,23.61184210526316,0.0,0.0,0.0,0.0,0.0,1.0,0.0,79.0,1.0,27.1,5.9,14.1,0.419,2.4,7.6,0.318,3.5,6.5,0.535,0.504,1.8,2.2,0.828,0.8,2.6,0.8,0.2,1.6,1.9
Jerami Grant,27,20002500.0,23.3,2.8,5.0,0.11699999999999999,6,2.39,23.0671875,0.0,0.0,1.0,0.0,0.0,0.0,0.0,47.0,47.0,31.9,6.3,14.9,0.426,1.9,5.4,0.358,4.4,9.5,0.465,0.491,4.6,5.5,0.838,0.6,3.5,0.9,1.0,1.8,2.3
Pascal Siakam,27,33003936.0,19.8,4.7,7.3,0.11699999999999999,4,1.27,24.64410912970584,0.0,0.0,1.0,0.0,0.0,0.0,0.0,68.0,68.0,37.9,8.8,17.8,0.494,1.1,3.2,0.344,7.7,14.5,0.527,0.525,4.2,5.6,0.7490000000000001,1.9,6.6,1.3,0.6,2.7,3.3
Jrue Holiday,31,31051333.0,15.9,5.2,4.6,0.11800000000000001,11,1.17,25.620444444444445,0.0,0.0,0.0,0.0,0.0,1.0,0.0,67.0,64.0,32.9,7.1,14.2,0.501,2.0,4.8,0.41100000000000003,5.2,9.4,0.547,0.57,2.0,2.7,0.7609999999999999,1.0,3.5,1.6,0.4,2.7,2.0
Fred VanVleet,27,19675926.0,20.1,6.5,4.4,0.11800000000000001,4,3.0,25.98817789453931,0.0,0.0,0.0,0.0,0.0,1.0,0.0,65.0,65.0,37.9,6.8,16.9,0.40299999999999997,3.7,9.9,0.377,3.1,7.0,0.44,0.513,3.0,3.4,0.8740000000000001,0.7,3.8,1.7,0.5,2.6,2.5
Moses Brown,22,1701593.0,6.6,0.3,6.5,0.11900000000000001,1,3.0,23.287587885343427,1.0,0.0,0.0,0.0,0.0,0.0,0.0,40.0,6.0,8.6,1.6,2.7,0.593,0.0,0.0,0.0,1.6,2.7,0.593,0.593,1.1,1.8,0.597,1.0,2.4,0.2,0.4,0.5,1.3
Delon Wright,29,8526316.0,10.5,5.1,4.6,0.11900000000000001,5,1.2,21.935402260077588,0.0,0.0,0.0,0.0,0.0,1.0,0.0,77.0,8.0,18.9,1.6,3.5,0.45399999999999996,0.6,1.5,0.379,1.0,2.0,0.51,0.535,0.7,0.8,0.857,0.6,2.2,1.2,0.2,0.6,0.7
Tony Bradley,23,5277669.0,4.8,0.9,4.9,0.121,3,1.28,25.92861392028555,0.0,1.0,0.0,0.0,0.0,0.0,0.0,55.0,7.0,10.0,1.3,2.2,0.585,0.0,0.0,0.0,1.3,2.2,0.585,0.585,0.3,0.5,0.655,1.2,2.2,0.2,0.6,0.6,1.1
Joe Ingles,34,13036364.0,12.3,4.2,3.6,0.12300000000000001,6,3.0,24.165625,0.0,0.0,0.0,0.0,1.0,0.0,0.0,45.0,15.0,24.9,2.6,6.3,0.40399999999999997,1.7,5.0,0.34700000000000003,0.8,1.3,0.617,0.54,0.4,0.5,0.773,0.3,2.6,0.5,0.1,1.0,1.8
John Collins,24,7705447.0,18.3,1.3,7.8,0.124,3,1.19,25.17985063252553,0.0,0.0,0.0,1.0,0.0,0.0,0.0,54.0,53.0,30.8,6.3,11.9,0.526,1.2,3.3,0.364,5.1,8.7,0.588,0.5760000000000001,2.5,3.1,0.7929999999999999,1.7,6.1,0.6,1.0,1.1,3.0
Mason Plumlee,31,8137500.0,10.3,3.6,9.5,0.124,7,1.22,25.91987226012484,0.0,0.0,0.0,1.0,0.0,0.0,0.0,73.0,73.0,24.6,2.8,4.4,0.6409999999999999,0.0,0.0,0.0,2.8,4.4,0.645,0.6409999999999999,0.9,2.3,0.392,2.4,5.3,0.8,0.7,1.4,3.1
Kyle Anderson,28,9937150.0,12.8,3.4,5.8,0.124,6,1.3,24.64410912970584,0.0,0.0,0.0,0.0,1.0,0.0,0.0,69.0,11.0,21.5,3.0,6.8,0.446,0.5,1.6,0.33,2.5,5.2,0.48100000000000004,0.484,1.0,1.5,0.638,1.0,4.3,1.1,0.7,1.0,1.6
Gordon Hayward,31,29925000.0,20.4,4.2,5.6,0.125,10,1.9,25.344496074347056,0.0,0.0,1.0,0.0,0.0,0.0,0.0,49.0,48.0,31.9,5.8,12.6,0.45899999999999996,1.8,4.5,0.391,4.0,8.1,0.496,0.528,2.6,3.0,0.846,0.8,3.8,1.0,0.4,1.7,1.7
Jalen Brunson,25,1802057.0,12.2,3.2,3.4,0.125,2,2.33,25.064740101332326,0.0,0.0,0.0,0.0,0.0,1.0,0.0,79.0,61.0,31.9,6.4,12.8,0.502,1.2,3.2,0.373,5.2,9.6,0.545,0.5489999999999999,2.3,2.7,0.84,0.5,3.4,0.8,0.0,1.6,1.9
Malcolm Brogdon,29,21700000.0,21.6,6.1,4.7,0.125,4,2.36,27.15247090571766,0.0,0.0,0.0,0.0,0.0,1.0,0.0,36.0,36.0,33.5,6.8,15.1,0.44799999999999995,1.6,5.2,0.312,5.1,9.9,0.518,0.501,4.0,4.6,0.856,0.9,4.2,0.8,0.4,2.1,2.0
Dejounte Murray,25,15428880.0,15.6,5.1,7.0,0.125,3,1.29,21.907894736842106,0.0,0.0,0.0,0.0,0.0,1.0,0.0,68.0,68.0,34.8,8.4,18.3,0.462,1.4,4.3,0.327,7.0,13.9,0.504,0.5,2.9,3.6,0.794,1.2,7.1,2.0,0.3,2.6,2.0
Ivica Zubac,24,7518518.0,8.5,1.1,7.0,0.126,4,2.32,23.911564625850342,1.0,0.0,0.0,0.0,0.0,0.0,0.0,76.0,76.0,24.4,4.1,6.5,0.626,0.0,0.0,0.0,4.1,6.5,0.626,0.626,2.2,3.0,0.727,2.9,5.6,0.5,1.0,1.5,2.7
Mo Bamba,23,7568743.0,4.6,0.3,3.9,0.126,2,1.6,23.014880952380953,1.0,0.0,0.0,0.0,0.0,0.0,0.0,71.0,69.0,25.7,4.2,8.7,0.48,1.5,4.0,0.381,2.7,4.7,0.563,0.5660000000000001,0.8,1.0,0.7809999999999999,2.1,6.0,0.5,1.7,1.1,2.6
Devin Booker,25,31650600.0,25.1,4.6,4.0,0.126,5,1.13,24.425366840951252,0.0,0.0,0.0,0.0,0.0,1.0,0.0,68.0,68.0,34.5,9.7,20.9,0.466,2.7,7.0,0.38299999999999995,7.0,13.9,0.508,0.53,4.6,5.3,0.868,0.7,4.4,1.1,0.4,2.4,2.6
Bobby Portis,26,3804150.0,10.8,1.1,6.9,0.127,5,1.22,26.137715645449127,0.0,0.0,1.0,0.0,0.0,0.0,0.0,72.0,59.0,28.2,5.8,12.1,0.479,1.8,4.7,0.39299999999999996,3.9,7.4,0.5329999999999999,0.555,1.2,1.6,0.752,2.5,6.6,0.7,0.7,1.3,2.4
Khris Middleton,30,35500000.0,20.4,5.5,6.0,0.127,8,2.39,25.006569460022437,0.0,0.0,1.0,0.0,0.0,0.0,0.0,66.0,66.0,32.4,6.8,15.5,0.44299999999999995,2.5,6.6,0.373,4.4,8.9,0.494,0.522,3.9,4.4,0.89,0.6,4.8,1.2,0.3,2.9,2.4
Donovan Mitchell,25,28103500.0,25.4,5.5,4.6,0.127,3,1.13,28.362732219928695,0.0,0.0,0.0,0.0,0.0,1.0,0.0,67.0,67.0,33.8,9.2,20.5,0.44799999999999995,3.5,9.8,0.355,5.7,10.8,0.5329999999999999,0.5329999999999999,4.0,4.7,0.853,0.8,3.4,1.5,0.2,3.0,2.4
Al Horford,35,27000000.0,14.3,3.3,6.7,0.128,13,1.3,25.715592135345226,0.0,1.0,0.0,0.0,0.0,0.0,0.0,69.0,69.0,29.1,3.9,8.2,0.467,1.3,3.8,0.336,2.6,4.4,0.5820000000000001,0.546,1.2,1.4,0.8420000000000001,1.6,6.1,0.7,1.3,0.9,1.9
Deandre Ayton,23,12632950.0,14.5,1.6,11.0,0.129,2,1.1,25.511685295398465,1.0,0.0,0.0,0.0,0.0,0.0,0.0,58.0,58.0,29.5,7.6,12.0,0.634,0.1,0.3,0.368,7.5,11.7,0.642,0.639,1.8,2.4,0.746,2.6,7.7,0.7,0.7,1.6,2.4
Thaddeus Young,33,14190000.0,12.2,4.4,6.5,0.131,13,1.12,25.81328125,0.0,0.0,1.0,0.0,0.0,0.0,0.0,52.0,1.0,16.3,2.7,5.2,0.518,0.3,0.9,0.354,2.4,4.3,0.5539999999999999,0.55,0.4,0.9,0.469,1.5,2.5,1.0,0.3,1.0,1.6
Kristaps Porzingis,26,31650600.0,19.7,1.3,8.6,0.131,4,1.4,22.29092350376536,0.0,0.0,0.0,1.0,0.0,0.0,0.0,51.0,51.0,29.0,6.9,15.0,0.45899999999999996,1.5,4.9,0.31,5.4,10.1,0.532,0.51,4.9,5.6,0.867,2.0,6.1,0.7,1.6,1.6,2.7
CJ McCollum,30,30864198.0,23.8,4.3,3.8,0.131,7,1.1,23.745777777777768,0.0,0.0,0.0,0.0,0.0,1.0,0.0,62.0,62.0,34.6,8.6,18.8,0.46,2.9,7.6,0.38799999999999996,5.7,11.2,0.509,0.539,1.9,2.7,0.682,0.9,3.5,1.1,0.4,2.0,2.0
Jaylen Brown,25,25312500.0,24.7,3.9,5.6,0.132,4,1.3,25.767422748191983,0.0,0.0,0.0,0.0,0.0,0.0,1.0,66.0,66.0,33.6,8.7,18.4,0.473,2.5,7.0,0.358,6.2,11.4,0.544,0.541,3.7,4.8,0.758,0.8,5.3,1.1,0.3,2.7,2.5
Brandon Ingram,24,29467800.0,24.2,4.7,5.1,0.133,4,1.2,20.8703125,0.0,0.0,1.0,0.0,0.0,0.0,0.0,55.0,55.0,34.0,8.2,17.9,0.461,1.3,4.1,0.327,6.9,13.8,0.501,0.498,4.8,5.9,0.826,0.6,5.2,0.6,0.5,2.7,2.2
Chris Boucher,28,7020000.0,13.8,1.0,6.4,0.134,3,3.0,21.429660112787687,0.0,0.0,0.0,1.0,0.0,0.0,0.0,80.0,9.0,21.1,3.4,7.2,0.46399999999999997,0.9,2.9,0.297,2.5,4.4,0.575,0.523,1.9,2.4,0.777,2.2,3.9,0.6,0.9,0.5,2.2
Jordan Poole,22,2161440.0,10.8,1.4,1.6,0.136,1,1.28,23.61184210526316,0.0,0.0,0.0,0.0,0.0,1.0,0.0,76.0,51.0,30.0,6.2,13.9,0.44799999999999995,2.8,7.6,0.364,3.5,6.3,0.55,0.5479999999999999,3.2,3.5,0.925,0.4,3.0,0.8,0.3,2.5,2.7
Domantas Sabonis,25,19800000.0,20.2,6.2,11.2,0.14400000000000002,4,1.11,24.49121788358252,0.0,0.0,0.0,1.0,0.0,0.0,0.0,62.0,61.0,34.5,7.1,12.5,0.573,0.6,2.0,0.312,6.5,10.5,0.623,0.598,4.0,5.4,0.741,3.2,8.9,1.0,0.4,3.1,3.3
Paul George,31,39344900.0,22.5,5.5,6.0,0.14400000000000002,10,1.1,24.165625,0.0,0.0,1.0,0.0,0.0,0.0,0.0,31.0,31.0,34.7,8.6,20.5,0.42100000000000004,2.9,8.3,0.354,5.7,12.2,0.467,0.493,4.1,4.8,0.858,0.4,6.5,2.2,0.4,4.1,2.4
Jayson Tatum,23,28103500.0,24.9,4.3,6.8,0.145,3,1.3,23.0671875,0.0,0.0,0.0,0.0,1.0,0.0,0.0,76.0,76.0,35.9,9.3,20.6,0.45299999999999996,3.0,8.6,0.353,6.3,12.0,0.524,0.526,5.3,6.2,0.853,1.1,6.9,1.0,0.6,2.9,2.3
Chris Paul,36,44211146.0,15.7,8.8,4.7,0.145,15,1.4,23.73167438271605,0.0,0.0,0.0,0.0,0.0,1.0,0.0,65.0,65.0,32.9,5.6,11.3,0.493,1.0,3.1,0.317,4.6,8.3,0.5589999999999999,0.536,2.6,3.1,0.8370000000000001,0.3,4.0,1.9,0.3,2.4,2.1
Zach LaVine,26,19500000.0,28.2,4.9,5.1,0.146,6,1.13,23.713948389273067,0.0,0.0,0.0,0.0,0.0,0.0,1.0,67.0,67.0,34.7,8.4,17.7,0.47600000000000003,2.8,7.1,0.389,5.7,10.6,0.534,0.5539999999999999,4.8,5.6,0.853,0.3,4.3,0.6,0.3,2.6,1.8
Russell Westbrook,33,44211146.0,21.7,10.3,9.5,0.146,12,1.4,24.995555555555555,0.0,0.0,0.0,0.0,0.0,1.0,0.0,78.0,78.0,34.3,7.0,15.8,0.444,1.0,3.4,0.298,6.0,12.4,0.485,0.47600000000000003,3.4,5.1,0.667,1.4,6.0,1.0,0.3,3.8,3.0
Jarrett Allen,23,7705447.0,12.9,1.6,9.9,0.147,3,1.22,24.797358107127298,1.0,0.0,0.0,0.0,0.0,0.0,0.0,56.0,56.0,32.3,6.6,9.7,0.677,0.0,0.2,0.1,6.6,9.6,0.688,0.6779999999999999,2.9,4.2,0.708,3.4,7.3,0.8,1.3,1.7,1.7
Tobias Harris,29,35995950.0,20.8,3.6,7.7,0.147,9,1.19,24.8246875,0.0,0.0,1.0,0.0,0.0,0.0,0.0,73.0,73.0,34.8,6.8,14.0,0.48200000000000004,1.4,3.8,0.36700000000000005,5.4,10.2,0.525,0.532,2.3,2.8,0.8420000000000001,1.1,5.7,0.6,0.6,1.6,2.2
Kyrie Irving,29,35053700.0,28.1,5.7,4.8,0.15,9,1.1,25.033783783783782,0.0,0.0,0.0,0.0,0.0,1.0,0.0,29.0,29.0,37.6,10.0,21.2,0.469,3.4,8.2,0.418,6.5,13.0,0.501,0.55,4.1,4.4,0.915,0.6,3.8,1.4,0.6,2.5,2.8
Trae Young,23,8326471.0,25.7,9.4,4.1,0.151,2,1.5,23.74554325389379,0.0,0.0,0.0,0.0,0.0,1.0,0.0,76.0,76.0,34.9,9.4,20.3,0.46,3.1,8.0,0.382,6.3,12.3,0.512,0.536,6.6,7.3,0.904,0.7,3.1,0.9,0.1,4.0,1.7
Jonas Valanciunas,29,14000000.0,15.9,1.8,12.3,0.152,8,1.5,27.042386413122372,1.0,0.0,0.0,0.0,0.0,0.0,0.0,74.0,74.0,30.3,6.9,12.7,0.544,0.8,2.1,0.361,6.1,10.5,0.581,0.574,3.2,3.9,0.82,3.1,8.3,0.6,0.8,2.4,3.3
Montrezl Harrell,27,9720900.0,14.8,1.1,6.6,0.153,5,2.32,27.0341291459702,0.0,0.0,0.0,1.0,0.0,0.0,0.0,71.0,3.0,23.1,5.0,7.8,0.645,0.1,0.2,0.235,5.0,7.6,0.6579999999999999,0.649,3.0,4.2,0.716,2.1,4.0,0.4,0.6,1.0,1.9
Bradley Beal,28,33724200.0,31.8,4.6,5.1,0.154,8,1.3,25.8704,0.0,0.0,0.0,0.0,0.0,1.0,0.0,40.0,40.0,36.0,8.7,19.3,0.451,1.6,5.3,0.3,7.1,14.0,0.508,0.49200000000000005,4.2,5.1,0.833,1.0,3.8,0.9,0.4,3.4,2.4
Rudy Gobert,29,35344828.0,14.5,1.3,13.4,0.158,7,1.27,25.1036678200692,1.0,0.0,0.0,0.0,0.0,0.0,0.0,66.0,66.0,32.1,5.5,7.7,0.713,0.0,0.1,0.0,5.5,7.6,0.718,0.713,4.6,6.7,0.69,3.7,11.0,0.7,2.1,1.8,2.7
Clint Capela,27,17103448.0,14.3,0.9,14.2,0.161,6,1.25,25.09220701963117,1.0,0.0,0.0,0.0,0.0,0.0,0.0,74.0,73.0,27.6,5.0,8.2,0.613,0.0,0.0,0.0,5.0,8.1,0.614,0.613,1.1,2.3,0.473,3.8,8.1,0.7,1.3,0.6,2.2
Kevin Durant,33,42018900.0,29.0,5.3,7.3,0.163,12,1.2,25.09220701963117,0.0,0.0,1.0,0.0,0.0,0.0,0.0,55.0,55.0,37.2,10.5,20.3,0.518,2.1,5.5,0.38299999999999995,8.4,14.8,0.568,0.57,6.8,7.4,0.91,0.5,6.9,0.9,0.9,3.5,2.1
Anthony Davis,28,35361360.0,22.5,3.0,8.4,0.163,8,1.1,26.451368233194522,0.0,0.0,0.0,1.0,0.0,0.0,0.0,40.0,40.0,35.1,9.3,17.4,0.532,0.3,1.8,0.18600000000000003,8.9,15.6,0.5710000000000001,0.542,4.4,6.1,0.713,2.7,7.2,1.2,2.3,2.1,2.4
Julius Randle,27,19800000.0,23.3,5.9,10.9,0.16399999999999998,6,1.7,27.4609375,0.0,0.0,0.0,1.0,0.0,0.0,0.0,72.0,72.0,35.3,7.1,17.3,0.41100000000000003,1.7,5.4,0.308,5.4,11.9,0.45799999999999996,0.45899999999999996,4.2,5.6,0.7559999999999999,1.7,8.2,0.7,0.5,3.4,2.8
Damian Lillard,31,39344900.0,30.1,7.7,4.4,0.165,8,1.6,25.033783783783782,0.0,0.0,0.0,0.0,0.0,1.0,0.0,29.0,29.0,36.4,7.7,19.0,0.402,3.2,9.8,0.324,4.5,9.2,0.485,0.486,5.5,6.2,0.878,0.4,3.7,0.6,0.4,2.9,1.3
Bam Adebayo,24,28103500.0,19.2,5.4,9.5,0.16699999999999998,3,1.14,27.322816643804302,0.0,1.0,0.0,0.0,0.0,0.0,0.0,56.0,56.0,32.6,7.3,13.0,0.557,0.0,0.1,0.0,7.3,12.9,0.562,0.557,4.6,6.1,0.753,2.4,7.6,1.4,0.8,2.6,3.1
Christian Wood,26,13666667.0,21.9,1.4,9.8,0.16899999999999998,4,3.0,22.373884592504464,0.0,0.0,1.0,0.0,0.0,0.0,0.0,68.0,67.0,30.8,6.5,12.9,0.501,1.9,4.9,0.39,4.5,8.0,0.57,0.5760000000000001,3.0,4.9,0.623,1.6,8.5,0.8,1.0,1.9,2.5
James Harden,32,44310840.0,25.3,11.2,7.9,0.17,11,1.3,26.08534322820037,0.0,0.0,0.0,0.0,0.0,1.0,0.0,65.0,65.0,37.2,6.3,15.3,0.41,2.3,6.9,0.33,4.0,8.4,0.47600000000000003,0.485,7.2,8.2,0.877,0.8,6.8,1.3,0.6,4.4,2.4
Nikola Vucevic,31,24000000.0,24.5,3.8,11.7,0.172,9,1.16,26.532152707214397,1.0,0.0,0.0,0.0,0.0,0.0,0.0,73.0,73.0,33.1,7.5,15.8,0.473,1.4,4.5,0.314,6.1,11.3,0.537,0.518,1.3,1.7,0.76,1.9,9.1,1.0,1.0,1.9,2.5
Stephen Curry,33,45780966.0,29.0,6.2,5.3,0.17600000000000002,11,1.7,23.12088888888889,0.0,0.0,0.0,0.0,0.0,1.0,0.0,64.0,64.0,34.5,8.4,19.1,0.43700000000000006,4.5,11.7,0.38,3.9,7.4,0.527,0.5539999999999999,4.3,4.7,0.9229999999999999,0.5,4.7,1.3,0.4,3.2,2.0
Luka Doncic,22,10174391.0,29.0,9.2,8.4,0.187,2,1.3,25.90770709822144,0.0,0.0,0.0,0.0,1.0,0.0,0.0,65.0,65.0,35.4,9.9,21.6,0.457,3.1,8.8,0.353,6.8,12.8,0.528,0.529,5.6,7.5,0.7440000000000001,0.9,8.3,1.2,0.6,4.5,2.2
Jimmy Butler,32,36016200.0,21.3,7.3,7.9,0.19,9,1.3,25.90770709822144,0.0,0.0,1.0,0.0,0.0,0.0,0.0,57.0,57.0,33.9,7.0,14.5,0.48,0.5,2.0,0.233,6.5,12.5,0.52,0.496,6.9,8.0,0.87,1.8,4.1,1.6,0.5,2.1,1.5
LeBron James,37,41180544.0,25.4,7.9,7.9,0.19399999999999998,17,1.1,26.787075140984605,0.0,0.0,1.0,0.0,0.0,0.0,0.0,56.0,56.0,37.2,11.4,21.8,0.524,2.9,8.0,0.359,8.6,13.8,0.62,0.59,4.5,6.0,0.7559999999999999,1.1,7.1,1.3,1.1,3.5,2.2
Giannis Antetokounmpo,27,39344900.0,29.0,6.4,11.7,0.196,7,1.15,24.69531136594571,0.0,0.0,1.0,0.0,0.0,0.0,0.0,67.0,67.0,32.9,10.3,18.6,0.5529999999999999,1.1,3.6,0.293,9.2,15.0,0.616,0.5820000000000001,8.3,11.4,0.722,2.0,9.6,1.1,1.4,3.3,3.2
Nikola Jokic,26,31579390.0,27.1,8.6,11.3,0.205,5,2.41,28.98127449557265,1.0,0.0,0.0,0.0,0.0,0.0,0.0,74.0,74.0,33.5,10.3,17.7,0.583,1.3,3.9,0.337,9.0,13.8,0.652,0.62,5.1,6.3,0.81,2.8,11.0,1.5,0.9,3.8,2.6
Joel Embiid,27,31579390.0,29.9,3.3,11.5,0.21100000000000002,4,1.3,27.896825396825395,0.0,1.0,0.0,0.0,0.0,0.0,0.0,68.0,68.0,33.8,9.8,19.6,0.499,1.4,3.7,0.371,8.4,15.9,0.529,0.534,9.6,11.8,0.8140000000000001,2.1,9.6,1.1,1.5,3.1,2.7
