Display_first_last,birthdate,value,slugSeason,position,pts,ast,reb,pie,season_exp,draft_year,draft_round,draft_number,BMI
Bogdan Bogdanovic,1992-08-18T00:00:00,1.8e+07,2020-21,Guard,9.6,2.3,3.3,0.08,3,2014,1,27,25.42077580539119
Brandon Goodwin,1995-10-02T00:00:00,1701593,2020-21,Guard,3.9,1.6,1,0.062,2,Undrafted,Undrafted,Undrafted,24.409722222222225
Bruno Fernando,1998-08-15T00:00:00,1517981,2020-21,Forward-Center,1.5,0.4,3,0.073,1,2019,2,34,25.715592135345226
Cam Reddish,1999-09-01T00:00:00,4458000,2020-21,Forward-Guard,11.2,1.3,4,0.053,1,2019,1,10,23.945937500000003
Clint Capela,1994-05-18T00:00:00,1.6e+07,2020-21,Center,14.3,0.9,14.2,0.161,6,2014,1,25,25.09220701963117
Danilo Gallinari,1988-08-08T00:00:00,19500000,2020-21,Forward,12.8,1.5,3.9,0.11,11,2008,1,6,24.360350981558593
De'Andre Hunter,1997-12-02T00:00:00,7422000,2020-21,Forward-Guard,16.7,2.2,5.2,0.114,1,2019,1,4,24.71484375
John Collins,1997-09-23T00:00:00,4137302,2020-21,Forward-Center,18.3,1.3,7.8,0.124,3,2017,1,19,25.179850632525532
Kevin Huerter,1998-08-27T00:00:00,2761920,2020-21,Guard-Forward,11.9,3.6,3.7,0.077,2,2018,1,19,21.402018907226406
Khyri Thomas,1996-05-08T00:00:00,744684,2020-21,Guard,2.3,0.3,0.6,,2,2018,2,38,26.245333333333335
Kris Dunn,1994-03-18T00:00:00,4767000,2020-21,Guard,7.3,3.4,3.6,0.082,4,2016,1,5,25.620444444444445
Lou Williams,1986-10-27T00:00:00,8e+06,2020-21,Guard,12,3.5,2.1,0.103,15,2005,2,45,23.08594483017452
Solomon Hill,1991-03-18T00:00:00,1620564,2020-21,Forward,4.2,0.9,2.3,0.038,7,2013,1,23,26.114069690992768
Tony Snell,1991-11-10T00:00:00,12178571,2020-21,Guard,5.6,1.4,2.3,0.072,7,2013,1,20,24.611932938856015
Trae Young,1998-09-19T00:00:00,6571800,2020-21,Guard,25.7,9.4,4.1,0.151,2,2018,1,5,23.74554325389379
Carsen Edwards,1998-03-12T00:00:00,1517981,2020-21,Guard,5.1,0.6,1.1,0.076,1,2019,2,33,27.891291410434434
Evan Fournier,1992-10-29T00:00:00,17450000,2020-21,Guard-Forward,19.6,3.7,3,0.107,8,2012,1,20,23.091651978849544
Grant Williams,1998-11-30T00:00:00,2498760,2020-21,Forward,5,0.9,2.9,0.043,1,2019,1,22,27.269559500328732
Jaylen Brown,1996-10-24T00:00:00,23437500,2020-21,Guard-Forward,24.7,3.9,5.6,0.132,4,2016,1,3,25.76742274819198
Jayson Tatum,1998-03-03T00:00:00,9897120,2020-21,Forward-Guard,24.9,4.3,6.8,0.145,3,2017,1,3,23.0671875
Kemba Walker,1990-05-08T00:00:00,34379100,2020-21,Guard,17.7,4.6,3.6,0.114,9,2011,1,9,24.952160493827158
Luke Kornet,1995-07-15T00:00:00,2250000,2020-21,Forward-Center,2,0.3,1.2,0.08,3,Undrafted,Undrafted,Undrafted,23.76284478096268
Marcus Smart,1994-03-06T00:00:00,13446428,2020-21,Guard,12.8,5.4,2.8,0.09,6,2014,1,6,27.49511111111111
Moritz Wagner,1997-04-26T00:00:00,2161920,2020-21,Forward-Center,7.1,1.3,2.9,0.094,2,2018,1,25,25.001451589490493
Romeo Langford,1999-10-25T00:00:00,3631200,2020-21,Guard-Forward,2.5,0.4,1.3,0.024,1,2019,1,14,26.289473684210524
Semi Ojeleye,1994-12-05T00:00:00,1752950,2020-21,Forward,5.4,0.8,3,0.063,3,2017,2,37,27.731755424063117
Tristan Thompson,1991-03-13T00:00:00,9258000,2020-21,Center-Forward,7.9,1,8.4,0.106,9,2011,1,4,27.21566834324036
Alize Johnson,1996-04-22T00:00:00,110998,2020-21,Forward,2,0.4,2.8,0.098,2,2018,2,50,23.880147412273676
Andre Roberson,1991-12-04T00:00:00,163818,2020-21,Guard-Forward,1.2,0.8,3,0.023,6,2013,1,26,23.65486300272392
Blake Griffin,1989-03-16T00:00:00,776873,2020-21,Forward,11.6,3.5,5,0.085,10,2009,1,1,26.787075140984605
DeAndre Jordan,1988-07-21T00:00:00,10375678,2020-21,Center,7.6,1.7,7.5,0.108,12,2008,2,35,27.04238641312237
Iman Shumpert,1990-06-26T00:00:00,447155,2020-21,Guard,1,0,0.5,-0.011,9,2011,1,17,25.13678529262945
James Harden,1989-08-26T00:00:00,41254920,2020-21,Guard,25.3,11.2,7.9,0.17,11,2009,1,3,26.085343228200372
Jeff Green,1986-08-28T00:00:00,1620564,2020-21,Forward,9.8,1.5,3.8,0.073,12,2007,1,5,25.81328125
Joe Harris,1991-09-06T00:00:00,16071429,2020-21,Guard-Forward,14.7,1.8,3.5,0.085,6,2014,2,33,25.42077580539119
Kevin Durant,1988-09-29T00:00:00,40108950,2020-21,Forward,29,5.3,7.3,0.163,12,2007,1,2,25.09220701963117
Kyrie Irving,1992-03-23T00:00:00,33460350,2020-21,Guard,28.1,5.7,4.8,0.15,9,2011,1,1,25.033783783783786
LaMarcus Aldridge,1985-07-19T00:00:00,554988,2020-21,Center-Forward,13.7,1.7,4.5,0.096,14,2006,1,2,25.511685295398465
Landry Shamet,1997-03-13T00:00:00,2090040,2020-21,Guard,7.8,1.1,1.8,0.059,2,2018,1,26,23.125
Nicolas Claxton,1999-04-17T00:00:00,1517981,2020-21,Forward-Center,9.8,0.9,4.3,0.143,1,2019,2,31,21.940049354042678
Noah Vonleh,1995-08-24T00:00:00,263995,2020-21,Forward,0,0.3,0.3,-0.094,6,2014,1,9,26.869571683521713
Norvel Pelle,1993-02-03T00:00:00,217845,2020-21,Center,2.3,0.3,2,-0.012,1,Undrafted,Undrafted,Undrafted,24.151249256395
Spencer Dinwiddie,1993-04-06T00:00:00,11454048,2020-21,Guard,6.7,3,4.3,0.102,6,2014,2,38,25.492494518468543
Tyler Cook,1997-09-23T00:00:00,99020,2020-21,Forward,0.7,0.3,1.5,0.037,1,Undrafted,Undrafted,Undrafted,28.010156249999998
Tyler Johnson,1992-05-07T00:00:00,1620564,2020-21,Guard,5.2,0.9,1.8,0.065,6,Undrafted,Undrafted,Undrafted,23.245866666666668
Bismack Biyombo,1992-08-28T00:00:00,3500000,2020-21,Center,5.5,1.3,5.5,0.067,9,2011,1,7,28.010156249999998
Brad Wanamaker,1989-07-25T00:00:00,2250000,2020-21,Guard,4.7,2.5,1.7,0.07,2,Undrafted,Undrafted,Undrafted,26.245333333333335
Caleb Martin,1995-09-28T00:00:00,1517981,2020-21,Forward,5.3,1.1,2.6,0.076,1,Undrafted,Undrafted,Undrafted,24.306797099004893
Cody Martin,1995-09-28T00:00:00,1517981,2020-21,Forward,3.8,1.2,2.4,0.091,1,2019,2,36,24.306797099004893
Cody Zeller,1992-10-05T00:00:00,15415730,2020-21,Forward-Center,9.2,2.3,7.1,0.101,7,2013,1,4,24.49121788358252
Devonte' Graham,1995-02-22T00:00:00,1663861,2020-21,Guard,13.1,5.2,2.7,0.09,2,2018,2,34,25.724338525051607
Gordon Hayward,1990-03-23T00:00:00,28500000,2020-21,Forward,20.4,4.2,5.6,0.125,10,2010,1,9,25.34449607434706
Jalen McDaniels,1998-01-31T00:00:00,1517981,2020-21,Forward-Center,4.5,0.5,2.4,0.049,1,2019,2,52,21.965401615607377
Malik Monk,1998-02-04T00:00:00,5345687,2020-21,Guard,12.3,1.8,2.7,0.093,3,2017,1,11,24.995555555555555
Miles Bridges,1998-03-21T00:00:00,3934320,2020-21,Forward,9.6,2,5.6,0.088,2,2018,1,12,25.99852071005917
Nicolas Batum,1988-12-14T00:00:00,9043478,2020-21,Guard-Forward,8.6,2.3,4.7,0.086,12,2008,1,25,25.264062499999998
Terry Rozier,1994-03-17T00:00:00,18900000,2020-21,Guard,20.2,3.3,3.8,0.112,5,2015,1,16,25.064740101332333
Coby White,2000-02-16T00:00:00,5572680,2020-21,Guard,15.2,4.7,4.6,0.087,1,2019,1,7,23.12109967954124
Cristiano Felicio,1992-07-07T00:00:00,7529020,2020-21,Forward-Center,1.6,0.7,1.7,0.166,5,Undrafted,Undrafted,Undrafted,27.55262011903034
Daniel Theis,1992-04-04T00:00:00,5e+06,2020-21,Forward-Center,9.4,1.6,5.3,0.094,3,Undrafted,Undrafted,Undrafted,26.911718750000002
Denzel Valentine,1993-11-16T00:00:00,4642800,2020-21,Guard,7.4,1.7,3.9,0.095,3,2016,1,14,26.77631578947368
Garrett Temple,1986-05-08T00:00:00,4767000,2020-21,Guard-Forward,8.5,2,3.1,0.056,10,Undrafted,Undrafted,Undrafted,23.12109967954124
Javonte Green,1993-07-23T00:00:00,1517981,2020-21,Guard-Forward,4.2,0.4,2.1,0.069,1,Undrafted,Undrafted,Undrafted,24.950657894736842
Lauri Markkanen,1997-05-22T00:00:00,6731508,2020-21,Forward-Center,17.7,0.9,6,0.112,3,2017,1,7,23.911564625850342
Nikola Vucevic,1990-10-24T00:00:00,2.6e+07,2020-21,Center,24.5,3.8,11.7,0.172,9,2011,1,16,26.5321527072144
Ryan Arcidiacono,1994-03-26T00:00:00,3e+06,2020-21,Guard,3.2,1.2,1.6,0.071,3,Undrafted,Undrafted,Undrafted,24.370666666666665
Thaddeus Young,1988-06-21T00:00:00,13545000,2020-21,Forward,12.2,4.4,6.5,0.131,13,2007,1,12,25.81328125
Tomas Satoransky,1991-10-30T00:00:00,1e+07,2020-21,Guard,7.5,4.8,2.5,0.102,4,2012,2,32,23.65486300272392
Zach LaVine,1995-03-10T00:00:00,19500000,2020-21,Guard-Forward,28.2,4.9,5.1,0.146,6,2014,1,13,23.713948389273064
Andre Drummond,1993-08-10T00:00:00,27957238,2020-21,Center,17.5,2.6,13.5,0.153,8,2012,1,9,29.169690660321237
Cedi Osman,1995-04-08T00:00:00,8840580,2020-21,Forward,10.1,2.7,3.6,0.076,3,2015,2,31,25.907707098221437
Collin Sexton,1999-01-04T00:00:00,4991880,2020-21,Guard,24,4.3,2.8,0.112,2,2018,1,8,25.064740101332333
Damyean Dotson,1994-05-06T00:00:00,2e+06,2020-21,Guard,6.7,2.2,1.9,0.077,3,2017,2,44,24.89964580873672
Darius Garland,2000-01-26T00:00:00,6720720,2020-21,Guard,16.4,5.8,2.2,0.09,1,2019,1,5,25.328579470820042
Dean Wade,1996-11-20T00:00:00,1517981,2020-21,Forward-Center,4.1,0.8,2.3,0.083,1,Undrafted,Undrafted,Undrafted,24.429812528577962
Dylan Windler,1996-09-22T00:00:00,2137440,2020-21,Guard-Forward,5.4,1.1,3.6,0.087,0,2019,1,26,22.647600262984877
Isaiah Hartenstein,1998-05-05T00:00:00,1620564,2020-21,Center-Forward,3.5,0.5,2.8,0.077,2,2017,2,43,24.907879818594104
Jarrett Allen,1998-04-21T00:00:00,3909902,2020-21,Center,12.9,1.6,9.9,0.147,3,2017,1,22,24.7973581071273
Kevin Love,1988-09-07T00:00:00,31258256,2020-21,Forward-Center,5.8,1.3,3.3,0.074,12,2008,1,5,27.570781249999996
Matthew Dellavedova,1990-09-08T00:00:00,1620564,2020-21,Guard,3.1,3.2,1.3,0.059,7,Undrafted,Undrafted,Undrafted,24.995555555555555
Quinn Cook,1993-03-23T00:00:00,110998,2020-21,Guard,2.9,0.7,0.7,0.095,4,Undrafted,Undrafted,Undrafted,23.74554325389379
Rayjon Tucker,1997-09-24T00:00:00,340000,2020-21,Guard,4,1,0,-1.5,1,Undrafted,Undrafted,Undrafted,26.120355555555555
Taurean Prince,1994-03-22T00:00:00,12250000,2020-21,Forward,8.3,1.7,3.6,0.076,4,2016,1,12,24.55600064092293
Thon Maker,1997-02-25T00:00:00,309355,2020-21,Forward-Center,3.8,0.5,2.3,0.134,4,2016,1,10,22.018565759637188
Yogi Ferrell,1993-05-09T00:00:00,110998,2020-21,Guard,9.5,2.5,3.5,0.071,4,Undrafted,Undrafted,Undrafted,24.138503086419753
Boban Marjanovic,1988-08-15T00:00:00,3500000,2020-21,Center,4.4,0.2,3.9,0.15,5,Undrafted,Undrafted,Undrafted,26.326188016528924
Dwight Powell,1991-07-20T00:00:00,11080125,2020-21,Forward-Center,4.4,0.8,3.3,0.074,6,2014,2,45,25.09220701963117
Jalen Brunson,1996-08-31T00:00:00,1663861,2020-21,Guard,12.2,3.2,3.4,0.125,2,2018,2,33,25.064740101332333
JJ Redick,1984-06-24T00:00:00,13013700,2020-21,Guard,8.7,1.3,1.7,0.071,14,2006,1,11,24.995555555555555
Josh Richardson,1993-09-15T00:00:00,10865952,2020-21,Guard,13.3,2.7,3.3,0.075,5,2015,2,40,23.713948389273064
Kristaps Porzingis,1995-08-02T00:00:00,29467800,2020-21,Forward-Center,19.7,1.3,8.6,0.131,4,2015,1,4,22.290923503765356
Luka Doncic,1999-02-28T00:00:00,8049360,2020-21,Forward-Guard,29,9.2,8.4,0.187,2,2018,1,3,25.907707098221437
Maxi Kleber,1992-01-29T00:00:00,8325000,2020-21,Forward,7.8,1.4,5.4,0.082,3,Undrafted,Undrafted,Undrafted,25.09220701963117
Nicolo Melli,1991-01-26T00:00:00,3897436,2020-21,Forward,2,1.1,2.6,0.058,1,Undrafted,Undrafted,Undrafted,25.286998933089468
Trey Burke,1992-11-12T00:00:00,3e+06,2020-21,Guard,7,1.5,0.9,0.083,7,2013,1,9,25.087770061728396
Aaron Gordon,1995-09-16T00:00:00,18136364,2020-21,Forward,14.6,4.3,6.6,0.11,6,2014,1,4,25.81328125
Gary Clark,1994-11-16T00:00:00,2e+06,2020-21,Forward,3.4,0.9,3.2,0.044,2,Undrafted,Undrafted,Undrafted,25.99852071005917
Jamal Murray,1997-02-23T00:00:00,27285000,2020-21,Guard,21.1,4.8,4,0.115,4,2016,1,7,26.87022222222222
JaMychal Green,1990-06-21T00:00:00,7199760,2020-21,Forward-Center,8.7,0.8,5.5,0.095,6,Undrafted,Undrafted,Undrafted,24.93453125
JaVale McGee,1988-01-19T00:00:00,4200000,2020-21,Center-Forward,8,1,5.2,0.126,12,2008,1,18,26.900510204081634
Monte Morris,1995-06-27T00:00:00,1723707,2020-21,Guard,10.4,3.4,2.2,0.089,3,2017,2,51,23.493243243243242
Nikola Jokic,1995-02-19T00:00:00,29542010,2020-21,Center,27.1,8.6,11.3,0.205,5,2014,2,41,28.98127449557265
Paul Millsap,1985-02-10T00:00:00,1e+07,2020-21,Forward,9.5,1.6,5,0.09,14,2006,2,47,28.949046627143087
PJ Dozier,1996-10-25T00:00:00,1762796,2020-21,Guard-Forward,7.7,1.6,3.8,0.087,3,Undrafted,Undrafted,Undrafted,23.687541091387246
Vlatko Cancar,1997-04-10T00:00:00,1517981,2020-21,Forward,1.4,0.3,1.2,0.056,1,2017,2,49,25.923125
Will Barton,1991-01-06T00:00:00,13723214,2020-21,Guard,13,3.2,4.1,0.081,8,2012,2,40,20.914365548980935
Blake Griffin,1989-03-16T00:00:00,32670565,2020-21,Forward,11.6,3.5,5,0.085,10,2009,1,1,26.787075140984605
Cory Joseph,1991-08-20T00:00:00,12600000,2020-21,Guard,6.7,2.4,2.2,0.058,9,2011,1,29,24.995555555555555
Dewayne Dedmon,1989-08-12T00:00:00,2866667,2020-21,Center,6.4,0.7,6,,7,Undrafted,Undrafted,Undrafted,24.409722222222225
Dzanan Musa,1999-05-08T00:00:00,2002800,2020-21,Guard-Forward,4.3,0.9,1.9,,2,2018,1,29,23.251181222374637
Hamidou Diallo,1998-07-31T00:00:00,1663861,2020-21,Guard,11.9,2.4,5.2,0.103,2,2018,2,45,23.951087873165797
Jahlil Okafor,1995-12-15T00:00:00,1882867,2020-21,Center-Forward,4.3,0.3,2.3,0.1,5,2015,1,3,28.228732897085067
Jerami Grant,1994-03-12T00:00:00,19050000,2020-21,Forward,23.3,2.8,5,0.117,6,2014,2,39,23.0671875
Josh Jackson,1997-02-10T00:00:00,4767000,2020-21,Guard-Forward,13.2,2.1,4.2,0.085,3,2017,1,4,22.737656249999997
Mason Plumlee,1990-03-05T00:00:00,8e+06,2020-21,Forward-Center,10.3,3.6,9.5,0.124,7,2013,1,22,25.919872260124837
Rodney McGruder,1991-07-29T00:00:00,5192307,2020-21,Guard,5.6,1,1.4,0.092,4,Undrafted,Undrafted,Undrafted,24.950657894736842
Sekou Doumbouya,2000-12-23T00:00:00,3449400,2020-21,Forward,3.9,0.6,2.2,0.036,1,2019,1,15,25.264062499999998
Wayne Ellington,1987-11-29T00:00:00,1620564,2020-21,Guard,10.6,1.4,1.8,0.073,11,2009,1,28,25.19407894736842
Zhaire Smith,1999-06-04T00:00:00,1068200,2020-21,Guard,3.7,0.9,1.2,,2,2018,1,16,25.620444444444445
Alen Smailagic,2000-08-18T00:00:00,1517981,2020-21,Forward,1.7,0,0,-0.197,1,2019,2,39,22.47843545508626
Andrew Wiggins,1995-02-23T00:00:00,29542010,2020-21,Forward,17.7,2.1,4.6,0.095,6,2014,1,1,22.190514340650537
Damion Lee,1992-10-21T00:00:00,1762796,2020-21,Guard-Forward,6.7,1.4,3.3,0.095,3,Undrafted,Undrafted,Undrafted,24.89964580873672
Draymond Green,1990-03-04T00:00:00,22246956,2020-21,Forward,6.1,8.4,6.6,0.097,8,2012,2,35,26.576265614727156
Eric Paschall,1996-11-04T00:00:00,1517981,2020-21,Forward,9.5,1.3,3.2,0.097,1,2019,2,41,29.464990138067062
Jordan Poole,1999-06-19T00:00:00,2063280,2020-21,Guard,10.8,1.4,1.6,0.136,1,2019,1,28,23.611842105263158
Kent Bazemore,1989-07-01T00:00:00,1620564,2020-21,Guard-Forward,6.1,1.6,2.9,0.077,8,Undrafted,Undrafted,Undrafted,23.733552631578945
Kevon Looney,1996-02-06T00:00:00,4821429,2020-21,Forward,3.9,1.6,4.2,0.093,5,2015,1,30,23.78692272519433
Klay Thompson,1990-02-08T00:00:00,35361360,2020-21,Guard,21.5,2.4,3.8,0.103,8,2011,1,11,24.843030900723207
Stephen Curry,1988-03-14T00:00:00,43006362,2020-21,Guard,29,6.2,5.3,0.176,11,2009,1,7,23.120888888888892
Avery Bradley,1990-11-26T00:00:00,5635000,2020-21,Guard,8.5,1.4,1.8,0.062,10,2010,1,19,22.496000000000002
Ben McLemore,1993-02-11T00:00:00,2283034,2020-21,Guard,6.6,0.9,2.2,0.05,7,2013,1,7,24.370666666666665
Bruno Caboclo,1995-09-21T00:00:00,361256,2020-21,Forward,2.8,0.2,2.3,0.113,6,2014,1,20,23.35832952293858
Chris Clemons,1997-07-23T00:00:00,1517981,2020-21,Guard,4.9,0.8,0.9,,1,Undrafted,Undrafted,Undrafted,26.578449905482042
Christian Wood,1995-09-27T00:00:00,13015874,2020-21,Forward,21.9,1.4,9.8,0.169,4,Undrafted,Undrafted,Undrafted,22.37388459250446
Dante Exum,1995-07-13T00:00:00,9600000,2020-21,Guard,3.8,2.2,2.8,0.058,5,2014,1,5,25.37392477652218
DaQuan Jeffries,1997-08-30T00:00:00,1445697,2020-21,Guard-Forward,3.9,0.3,1.6,0.036,1,Undrafted,Undrafted,Undrafted,27.271040647664023
David Nwaba,1993-01-14T00:00:00,1824003,2020-21,Guard-Forward,9.2,1,3.9,0.089,4,Undrafted,Undrafted,Undrafted,25.966773486254006
DeMarcus Cousins,1990-08-13T00:00:00,1620564,2020-21,Center,9.6,2.4,7.6,0.127,9,2010,1,5,28.228732897085067
Eric Gordon,1988-12-25T00:00:00,16869276,2020-21,Guard,17.8,2.6,2.1,0.097,12,2008,1,7,26.87022222222222
John Wall,1990-09-06T00:00:00,41254920,2020-21,Guard,21.1,6.3,3.5,0.118,9,2010,1,1,26.245333333333335
Kelly Olynyk,1991-04-19T00:00:00,12819649,2020-21,Forward-Center,10,2.1,6.1,0.087,7,2013,1,13,24.49121788358252
Sterling Brown,1995-02-10T00:00:00,1620564,2020-21,Guard-Forward,7.6,1.6,4.5,0.082,3,2017,2,46,25.966773486254006
Aaron Holiday,1996-09-30T00:00:00,2345640,2020-21,Guard,6.9,1.7,1.2,0.045,2,2018,1,23,25.087770061728396
Caris LeVert,1994-08-25T00:00:00,16203704,2020-21,Guard,17.3,5.3,4.2,0.115,4,2016,1,20,23.687541091387246
Domantas Sabonis,1996-05-03T00:00:00,19800000,2020-21,Forward-Center,20.2,6.2,11.2,0.144,4,2016,1,11,24.49121788358252
Doug McDermott,1992-01-03T00:00:00,7333333,2020-21,Forward,13.6,1.4,3.9,0.096,6,2014,1,11,25.34449607434706
Edmond Sumner,1995-12-31T00:00:00,2160000,2020-21,Guard,4.9,0.4,1.4,0.06,3,2017,2,52,23.85526315789474
Goga Bitadze,1999-07-20T00:00:00,2957520,2020-21,Center-Forward,3.8,0.3,2.2,0.071,1,2019,1,18,25.511685295398465
JaKarr Sampson,1993-03-20T00:00:00,1620564,2020-21,Forward,2.6,0.1,1.9,0.088,5,Undrafted,Undrafted,Undrafted,24.105431821823426
Jalen Lecque,2000-06-13T00:00:00,1517981,2020-21,Guard,1.3,0.5,1.3,0.12,1,Undrafted,Undrafted,Undrafted,22.51644736842105
Jeremy Lamb,1992-05-30T00:00:00,10500000,2020-21,Guard-Forward,11.1,1.6,3.6,0.104,8,2012,1,12,21.34255355034576
Justin Holiday,1989-04-05T00:00:00,5720400,2020-21,Forward-Guard,11.6,1.7,3.9,0.072,7,Undrafted,Undrafted,Undrafted,20.798816568047336
Kelan Martin,1995-08-03T00:00:00,1445697,2020-21,Forward,1.3,0.1,0.9,0.066,1,Undrafted,Undrafted,Undrafted,27.271040647664023
Malcolm Brogdon,1992-12-11T00:00:00,20700000,2020-21,Guard,21.6,6.1,4.7,0.125,4,2016,2,36,27.15247090571766
Myles Turner,1996-03-24T00:00:00,1.8e+07,2020-21,Center-Forward,13.2,1,6.5,0.094,5,2015,1,11,25.511685295398465
Oshae Brissett,1998-06-20T00:00:00,99020,2020-21,Forward-Guard,1.9,0.4,1.4,,1,Undrafted,Undrafted,Undrafted,23.65486300272392
DeMarcus Cousins,1990-08-13T00:00:00,110998,2020-21,Center,9.6,2.4,7.6,0.127,9,2010,1,5,28.228732897085067
Ivica Zubac,1997-03-18T00:00:00,7e+06,2020-21,Center,8.5,1.1,7,0.126,4,2016,2,32,23.911564625850342
Kawhi Leonard,1991-06-29T00:00:00,34379100,2020-21,Forward,25.9,4.9,6.3,0.169,9,2011,1,15,25.34449607434706
Luke Kennard,1996-06-24T00:00:00,5273826,2020-21,Guard,8,1.8,2.7,0.087,3,2017,1,12,24.425366840951256
Nicolas Batum,1988-12-14T00:00:00,1620564,2020-21,Guard-Forward,8.6,2.3,4.7,0.086,12,2008,1,25,25.264062499999998
Patrick Beverley,1988-07-12T00:00:00,13333333,2020-21,Guard,8.3,2.1,3.7,0.072,8,2009,2,42,23.74554325389379
Patrick Patterson,1989-03-14T00:00:00,3077704,2020-21,Forward,4.7,0.5,2,0.06,10,2010,1,14,25.81328125
Paul George,1990-05-02T00:00:00,35450412,2020-21,Forward,22.5,5.5,6,0.144,10,2010,1,10,24.165625000000002
Rajon Rondo,1986-02-22T00:00:00,8250000,2020-21,Guard,3.9,3.5,2,0.095,14,2006,1,21,23.74554325389379
Reggie Jackson,1990-04-16T00:00:00,1620564,2020-21,Guard,8.7,2.8,2.6,0.082,9,2011,1,24,26.702702702702705
Serge Ibaka,1989-09-18T00:00:00,9258000,2020-21,Forward,10.9,1.7,6.7,0.112,11,2008,1,24,24.56945270672219
Terance Mann,1996-10-18T00:00:00,1517981,2020-21,Guard-Forward,5.3,1.2,3.4,0.08,1,2019,2,48,25.492494518468543
Alex Caruso,1994-02-28T00:00:00,2750000,2020-21,Guard,5.8,2.4,2.9,0.08,3,Undrafted,Undrafted,Undrafted,22.63815789473684
Alfonzo McKinnie,1992-09-17T00:00:00,1762796,2020-21,Forward,2.5,0.1,1.1,0.103,3,Undrafted,Undrafted,Undrafted,24.218074026598305
Andre Drummond,1993-08-10T00:00:00,554988,2020-21,Center,17.5,2.6,13.5,0.153,8,2012,1,9,29.169690660321237
Anthony Davis,1993-03-11T00:00:00,32742000,2020-21,Forward-Center,22.5,3,8.4,0.163,8,2012,1,1,26.451368233194525
Ben McLemore,1993-02-11T00:00:00,455090,2020-21,Guard,6.6,0.9,2.2,0.05,7,2013,1,7,24.370666666666665
Damian Jones,1995-06-30T00:00:00,110998,2020-21,Center,3,0.2,2,0.062,4,2016,1,30,25.001451589490493
Dennis Schroder,1993-09-15T00:00:00,1.6e+07,2020-21,Guard,15,4.7,3.5,0.086,7,2013,1,17,21.496177777777778
Jared Dudley,1985-07-10T00:00:00,1620564,2020-21,Forward,0.5,0.5,1.7,0.057,13,2007,1,22,27.385108481262325
Jordan Bell,1995-01-07T00:00:00,580062,2020-21,Forward,3.3,1.7,5.3,0.074,3,2017,2,38,23.72625
Kyle Kuzma,1995-07-24T00:00:00,3562178,2020-21,Forward,12.1,1.5,6.7,0.1,3,2017,1,27,23.10574063057704
LeBron James,1984-12-30T00:00:00,39219566,2020-21,Forward,25.4,7.9,7.9,0.194,17,2003,1,1,26.787075140984605
Marc Gasol,1985-01-29T00:00:00,2564753,2020-21,Center,4.8,2,4.1,0.071,12,2007,2,48,26.02191900130643
Markieff Morris,1989-09-02T00:00:00,1620564,2020-21,Forward,6.1,1.1,4.2,0.078,9,2011,1,13,26.251333638164912
Montrezl Harrell,1994-01-26T00:00:00,9258000,2020-21,Forward-Center,14.8,1.1,6.6,0.153,5,2015,2,32,27.034129145970198
Quinn Cook,1993-03-23T00:00:00,1e+06,2020-21,Guard,2.9,0.7,0.7,0.095,4,Undrafted,Undrafted,Undrafted,23.74554325389379
Wesley Matthews,1986-10-14T00:00:00,3623000,2020-21,Guard,4.5,1,1.4,0.035,11,Undrafted,Undrafted,Undrafted,26.77631578947368
Brandon Clarke,1996-09-19T00:00:00,2602920,2020-21,Forward,11.8,1.5,5.5,0.11,1,2019,1,21,23.61640625
De'Anthony Melton,1998-05-28T00:00:00,9571712,2020-21,Guard,9.6,2.9,3.4,0.115,2,2018,2,46,25.675675675675674
Dillon Brooks,1996-01-22T00:00:00,11400000,2020-21,Guard-Forward,15.8,2.6,3,0.058,3,2017,2,45,25.34449607434706
Dion Waiters,1991-12-10T00:00:00,12650000,2020-21,Guard,13.1,2.8,2.6,,8,2012,1,4,26.245333333333335
Gorgui Dieng,1990-01-18T00:00:00,16587688,2020-21,Center,7.9,1.3,4.5,0.124,7,2013,1,21,26.346817370612733
Grayson Allen,1995-10-08T00:00:00,2545320,2020-21,Guard,9.5,2.1,3.1,0.085,2,2018,1,21,24.098684210526315
Ja Morant,1999-08-10T00:00:00,9166800,2020-21,Guard,19.3,7.5,3.3,0.114,1,2019,1,2,21.746133333333333
John Konchar,1996-03-22T00:00:00,2100000,2020-21,Guard,4,1.1,3.3,0.082,1,Undrafted,Undrafted,Undrafted,24.89964580873672
Jonas Valanciunas,1992-05-06T00:00:00,1.5e+07,2020-21,Center,15.9,1.8,12.3,0.152,8,2011,1,5,27.04238641312237
Justise Winslow,1996-03-26T00:00:00,1.3e+07,2020-21,Forward-Guard,7.8,1.8,4.9,0.053,5,2015,1,10,25.651873767258383
Kyle Anderson,1993-09-20T00:00:00,9505100,2020-21,Forward-Guard,12.8,3.4,5.8,0.124,6,2014,1,30,24.64410912970584
Mario Hezonja,1995-02-25T00:00:00,1977011,2020-21,Forward-Guard,6.9,1.3,3.1,,5,2015,1,5,24.165625000000002
Marko Guduric,1995-03-08T00:00:00,2750000,2020-21,Guard,3.9,1,1.7,,1,Undrafted,Undrafted,Undrafted,23.22534516765286
Tim Frazier,1990-11-01T00:00:00,110998,2020-21,Guard,1.3,2.3,1.3,0.031,6,Undrafted,Undrafted,Undrafted,23.053626543209877
Tyus Jones,1996-05-10T00:00:00,8817143,2020-21,Guard,7.5,4.3,2.2,0.114,5,2015,1,24,26.579475308641975
Andre Iguodala,1984-01-28T00:00:00,1.5e+07,2020-21,Guard-Forward,4.7,2.1,3.6,0.081,16,2004,1,9,24.843030900723207
Bam Adebayo,1997-07-18T00:00:00,5115492,2020-21,Center-Forward,19.2,5.4,9.5,0.167,3,2017,1,14,27.3228166438043
Duncan Robinson,1994-04-22T00:00:00,1663861,2020-21,Forward,12.5,1.7,3.8,0.07,2,Undrafted,Undrafted,Undrafted,24.218074026598305
Goran Dragic,1986-05-06T00:00:00,1.8e+07,2020-21,Guard,13.9,4.9,3.3,0.102,12,2008,2,45,23.745777777777775
Jimmy Butler,1989-09-14T00:00:00,34379100,2020-21,Forward,21.3,7.3,7.9,0.19,9,2011,1,30,25.907707098221437
Kendrick Nunn,1995-08-03T00:00:00,1663861,2020-21,Guard,13.3,2.6,3.2,0.09,1,Undrafted,Undrafted,Undrafted,24.39189189189189
KZ Okpala,1999-04-28T00:00:00,1517981,2020-21,Forward-Guard,2.7,0.4,2,0.025,1,2019,2,32,23.61640625
Nemanja Bjelica,1988-05-09T00:00:00,7150000,2020-21,Forward,7.2,1.9,3.8,0.089,5,2010,2,35,24.464901844140392
Ryan Anderson,1988-05-06T00:00:00,5214583,2020-21,Forward,12.3,0.9,5.3,,11,2008,1,21,25.715592135345226
Trevor Ariza,1985-06-30T00:00:00,12800000,2020-21,Forward,4,1,3.3,0.056,16,2004,2,43,23.61640625
Tyler Herro,2000-01-20T00:00:00,3822240,2020-21,Guard,15.1,3.4,5.4,0.099,1,2019,1,13,23.12109967954124
Udonis Haslem,1980-06-09T00:00:00,1620564,2020-21,Forward,3,0.3,4,0.105,17,Undrafted,Undrafted,Undrafted,25.81328125
Victor Oladipo,1992-05-04T00:00:00,2.1e+07,2020-21,Guard,20.8,4.7,5,0.116,7,2013,1,2,25.924342105263158
Bobby Portis,1995-02-10T00:00:00,3623000,2020-21,Forward,10.8,1.1,6.9,0.127,5,2015,1,22,26.137715645449134
Brook Lopez,1988-04-01T00:00:00,12697675,2020-21,Center,11.4,0.7,5,0.078,12,2008,1,10,28.096088435374153
Bryn Forbes,1993-07-23T00:00:00,2337145,2020-21,Guard,9.5,0.6,1.2,0.068,4,Undrafted,Undrafted,Undrafted,26.31756756756757
Giannis Antetokounmpo,1994-12-06T00:00:00,27528088,2020-21,Forward,29,6.4,11.7,0.196,7,2013,1,15,24.69531136594571
Jeff Teague,1988-06-10T00:00:00,510589,2020-21,Guard,6.6,2.2,1.6,0.068,11,2009,1,19,24.370666666666665
Jrue Holiday,1990-06-12T00:00:00,25876111,2020-21,Guard,15.9,5.2,4.6,0.118,11,2009,1,17,25.620444444444445
Khris Middleton,1991-08-12T00:00:00,33051724,2020-21,Forward,20.4,5.5,6,0.127,8,2012,2,39,25.006569460022433
Pat Connaughton,1993-01-06T00:00:00,4938273,2020-21,Guard,6.9,1.3,4.5,0.082,5,2015,2,41,24.78107606679035
Rodions Kurucs,1998-02-05T00:00:00,1780152,2020-21,Forward,1,0.4,0.9,0.021,2,2018,2,40,24.429812528577962
Thanasis Antetokounmpo,1992-07-18T00:00:00,1701593,2020-21,Forward,2.2,0.7,2,0.057,2,2014,2,51,25.305226824457595
D'Angelo Russell,1996-02-23T00:00:00,28649250,2020-21,Guard,19.3,5.1,2.6,0.104,5,2015,1,2,23.49013157894737
Ed Davis,1989-06-05T00:00:00,5005350,2020-21,Center-Forward,2.3,1,5.1,0.073,10,2010,1,13,23.35832952293858
Jake Layman,1994-03-07T00:00:00,3761085,2020-21,Forward,6.1,0.8,1.9,0.077,4,2016,2,47,22.95734375
Jarred Vanderbilt,1999-04-03T00:00:00,1663861,2020-21,Forward,5.6,1.4,5.6,0.107,2,2018,2,41,22.92973632068282
Jarrett Culver,1999-02-20T00:00:00,6104280,2020-21,Guard-Forward,6.8,0.8,4.3,0.059,1,2019,1,6,22.53205128205128
Jaylen Nowell,1999-07-09T00:00:00,1517981,2020-21,Guard,10.5,1.4,2.2,0.09,1,2019,2,43,24.463815789473685
Josh Okogie,1998-09-01T00:00:00,2651040,2020-21,Guard,4.8,1.2,2.6,0.039,2,2018,1,20,25.924342105263158
Juancho Hernangomez,1995-09-28T00:00:00,6493000,2020-21,Forward,6.2,0.6,4.2,0.079,4,2016,1,15,22.92973632068282
Malik Beasley,1996-11-26T00:00:00,13425895,2020-21,Guard,20.5,2.5,4.6,0.109,4,2016,1,19,22.759868421052634
Naz Reid,1999-08-26T00:00:00,1517981,2020-21,Center-Forward,11.4,1.2,4.6,0.113,1,Undrafted,Undrafted,Undrafted,28.287151348879746
Ricky Rubio,1990-10-21T00:00:00,1.7e+07,2020-21,Guard,8.8,6.8,3.2,0.101,9,2009,1,5,23.745777777777775
Brandon Ingram,1997-09-02T00:00:00,27285000,2020-21,Forward,24.2,4.7,5.1,0.133,4,2016,1,2,20.8703125
Eric Bledsoe,1989-12-09T00:00:00,16875000,2020-21,Guard,11.3,3.7,3.4,0.071,10,2010,1,18,28.230812535184835
Isaiah Thomas,1989-02-07T00:00:00,110998,2020-21,Guard,18.1,5,2.5,,8,2011,2,60,27.31674018063432
James Johnson,1987-02-20T00:00:00,16047100,2020-21,Forward,5.7,1.7,3,0.077,11,2009,1,16,27.034129145970198
Jaxson Hayes,2000-05-23T00:00:00,5105160,2020-21,Center-Forward,5.5,0.5,3.5,0.105,1,2019,1,8,22.450283059950646
Josh Hart,1995-03-06T00:00:00,3491159,2020-21,Guard,9.1,2.2,7.6,0.097,3,2017,1,30,25.492494518468543
Lonzo Ball,1997-10-27T00:00:00,11003782,2020-21,Guard,14.2,5.6,4.2,0.099,3,2017,1,2,21.9543063773833
Steven Adams,1993-07-20T00:00:00,29592695,2020-21,Center,8.1,2,9.2,0.093,7,2013,1,12,27.04238641312237
Wenyen Gabriel,1997-03-26T00:00:00,1620564,2020-21,Forward,0.2,0.3,1.2,0,1,Undrafted,Undrafted,Undrafted,21.965401615607377
Willy Hernangomez,1994-05-27T00:00:00,1620564,2020-21,Center-Forward,6.3,1.2,6.2,0.112,4,2015,2,35,25.511685295398465
Zion Williamson,2000-07-06T00:00:00,10245480,2020-21,Forward,25.7,3.4,7,0.154,1,2019,1,1,31.99038615606473
Alec Burks,1991-07-20T00:00:00,6e+06,2020-21,Guard,12.6,2.2,4.3,0.108,9,2011,1,12,24.727481919789614
Derrick Rose,1988-10-04T00:00:00,7682926,2020-21,Guard,13.5,4.5,2.2,0.129,11,2008,1,1,25.675675675675674
Elfrid Payton,1994-02-22T00:00:00,4767000,2020-21,Guard,12.4,3.7,3.9,0.082,6,2014,1,10,24.370666666666665
Frank Ntilikina,1998-07-28T00:00:00,6176578,2020-21,Guard,4.3,0.8,1.2,0.037,3,2017,1,8,24.342105263157897
Jacob Evans,1997-06-18T00:00:00,2017320,2020-21,Guard-Forward,2.8,0.9,1.1,,2,2018,1,28,25.559210526315788
John Henson,1990-12-28T00:00:00,110998,2020-21,Forward-Center,7.6,1.1,5.3,,8,2012,1,14,23.465477823502514
Julius Randle,1994-11-29T00:00:00,18900000,2020-21,Forward-Center,23.3,5.9,10.9,0.164,6,2014,1,7,27.4609375
Mitchell Robinson,1998-04-01T00:00:00,1663861,2020-21,Center-Forward,8.6,0.6,8.4,0.104,2,2018,2,36,23.911564625850342
Nerlens Noel,1994-04-10T00:00:00,5e+06,2020-21,Center-Forward,4.8,0.6,6,0.083,6,2013,1,6,22.450283059950646
Norvel Pelle,1993-02-03T00:00:00,99020,2020-21,Center,2.3,0.3,2,-0.012,1,Undrafted,Undrafted,Undrafted,24.151249256395
Omari Spellman,1997-07-21T00:00:00,1988280,2020-21,Forward,6.8,1,4.3,,2,2018,1,30,26.911718750000002
Reggie Bullock,1991-03-16T00:00:00,4200000,2020-21,Guard-Forward,9.3,1.4,3.4,0.065,7,2013,1,25,23.687541091387246
RJ Barrett,2000-06-14T00:00:00,8231760,2020-21,Forward-Guard,17.3,3,6.1,0.101,1,2019,1,3,24.727481919789614
Taj Gibson,1985-06-24T00:00:00,1442968,2020-21,Forward,4.2,0.5,4.5,0.073,11,2009,1,26,24.858405730833717
Terrance Ferguson,1998-05-17T00:00:00,3944013,2020-21,Guard,0.2,0.2,0.1,-0.065,3,2017,1,21,21.9543063773833
Vincent Poirier,1993-10-17T00:00:00,2619207,2020-21,Center-Forward,0.8,0.2,1.4,-0.02,1,Undrafted,Undrafted,Undrafted,23.413407029478456
Wayne Ellington,1987-11-29T00:00:00,1e+06,2020-21,Guard,10.6,1.4,1.8,0.073,11,2009,1,28,25.19407894736842
Admiral Schofield,1997-03-30T00:00:00,1517981,2020-21,Guard-Forward,3,0.5,1.4,,1,2019,2,42,28.57530780907404
Al Horford,1986-06-03T00:00:00,27500000,2020-21,Center-Forward,14.3,3.3,6.7,0.128,13,2007,1,3,25.715592135345226
Austin Rivers,1992-08-01T00:00:00,3500000,2020-21,Guard,7.3,2,2.2,0.071,8,2012,1,10,24.342105263157897
Darius Bazley,2000-06-12T00:00:00,2399160,2020-21,Forward-Guard,11.9,1.5,7.5,0.087,1,2019,1,23,22.8475
Darius Miller,1990-03-21T00:00:00,7e+06,2020-21,Forward,3.4,1.1,1.4,0.115,5,2012,2,46,25.99852071005917
Frank Jackson,1998-05-04T00:00:00,250000,2020-21,Guard,5.2,0.8,1.4,0.08,2,2017,2,31,25.620444444444445
Isaiah Roby,1998-02-03T00:00:00,1517981,2020-21,Forward,9,1.7,5.5,0.095,1,2019,2,45,25.264062499999998
Josh Gray,1993-09-09T00:00:00,1620564,2020-21,Guard,4.9,2,1.7,,2,Undrafted,Undrafted,Undrafted,24.409722222222225
Justin Jackson,1995-03-28T00:00:00,5029650,2020-21,Forward,7,1.5,2.2,0.08,3,2017,1,15,24.165625000000002
Justin Robinson,1997-10-12T00:00:00,99020,2020-21,Guard,1.4,0.8,0.6,,1,2019,None,None,25.724338525051607
Kenrich Williams,1994-12-02T00:00:00,2e+06,2020-21,Guard-Forward,7,1.8,4.1,0.098,2,Undrafted,Undrafted,Undrafted,24.26528599605523
Luguentz Dort,1999-04-19T00:00:00,1517981,2020-21,Guard,12.6,1.6,3.5,0.056,1,Undrafted,Undrafted,Undrafted,26.87022222222222
Meyers Leonard,1992-02-27T00:00:00,9400000,2020-21,Forward-Center,3.3,0.7,2.3,0.067,8,2012,1,11,25.904195011337865
Mike Muscala,1991-07-01T00:00:00,2283034,2020-21,Forward-Center,9.7,0.8,3.8,0.112,7,2013,2,44,25.09220701963117
Moses Brown,1999-10-13T00:00:00,1250000,2020-21,Center,6.6,0.3,6.5,0.119,1,Undrafted,Undrafted,Undrafted,23.287587885343427
Patrick Patterson,1989-03-14T00:00:00,737067,2020-21,Forward,4.7,0.5,2,0.06,10,2010,1,14,25.81328125
Svi Mykhailiuk,1997-06-10T00:00:00,1663861,2020-21,Guard-Forward,7,1.6,2.1,0.077,2,2018,2,47,23.091651978849544
Tony Bradley,1998-01-08T00:00:00,3542060,2020-21,Center-Forward,4.8,0.9,4.9,0.121,3,2017,1,28,25.928613920285542
Ty Jerome,1997-07-08T00:00:00,2303040,2020-21,Guard-Forward,9.9,3.6,3.5,0.091,1,2019,1,24,23.12109967954124
Zylan Cheatham,1995-11-17T00:00:00,1445697,2020-21,Forward,3,0.8,2.3,,1,Undrafted,Undrafted,Undrafted,26.085343228200372
Dwayne Bacon,1995-08-30T00:00:00,1678854,2020-21,Guard-Forward,9.9,1.1,2.8,0.06,3,2017,2,40,25.536324786324787
Gary Harris,1994-09-14T00:00:00,19160714,2020-21,Guard,9.7,1.7,2.5,0.052,6,2014,1,19,25.559210526315788
Jeff Teague,1988-06-10T00:00:00,1620564,2020-21,Guard,6.6,2.2,1.6,0.068,11,2009,1,19,24.370666666666665
Jonathan Isaac,1997-10-03T00:00:00,7362566,2020-21,Forward,11.9,1.4,6.8,0.108,3,2017,1,6,23.470750471766582
Khem Birch,1992-09-28T00:00:00,3e+06,2020-21,Center,5.5,1,5.2,0.084,3,Undrafted,Undrafted,Undrafted,24.96555403139765
Markelle Fultz,1998-05-29T00:00:00,12288697,2020-21,Guard,12.9,5.4,3.1,0.081,3,2017,1,1,26.120355555555555
Mo Bamba,1998-05-12T00:00:00,5969040,2020-21,Center,4.6,0.3,3.9,0.126,2,2018,1,6,23.014880952380953
Terrence Ross,1991-02-05T00:00:00,13500000,2020-21,Guard-Forward,16,2.3,3.5,0.092,8,2012,1,8,23.80309007232084
Ben Simmons,1996-07-20T00:00:00,30559200,2020-21,Guard-Forward,16.1,7.6,8,0.134,3,2016,1,1,24.49121788358252
Danny Green,1987-06-22T00:00:00,15365853,2020-21,Guard,9.2,1.7,3.6,0.064,11,2009,2,46,24.843030900723207
Dwight Howard,1985-12-08T00:00:00,1620564,2020-21,Center-Forward,6.6,0.8,8.2,0.119,16,2004,1,1,27.705978584176087
Furkan Korkmaz,1997-07-24T00:00:00,1762796,2020-21,Guard-Forward,9.2,1.1,2.2,0.084,3,2016,1,26,22.753725364524914
George Hill,1986-05-04T00:00:00,9590602,2020-21,Guard,11.8,3.1,2.1,0.101,12,2008,1,26,22.88157894736842
Joel Embiid,1994-03-16T00:00:00,29542010,2020-21,Center-Forward,29.9,3.3,11.5,0.211,4,2014,1,3,27.896825396825395
Justin Anderson,1993-11-19T00:00:00,125000,2020-21,Forward-Guard,5.2,0.7,2.5,,5,2015,1,21,27.38961038961039
Matisse Thybulle,1997-03-04T00:00:00,2711280,2020-21,Guard-Forward,3.7,1,1.7,0.05,1,2019,1,20,23.832518131219427
Mike Scott,1988-07-16T00:00:00,5005350,2020-21,Forward,3.8,0.5,2.6,0.054,8,2012,2,43,26.69620253164557
Seth Curry,1990-08-23T00:00:00,7834449,2020-21,Guard,12.9,2.9,2.2,0.082,6,Undrafted,Undrafted,Undrafted,23.75
Shake Milton,1996-09-26T00:00:00,1701593,2020-21,Guard-Forward,13.8,3.1,2.3,0.098,2,2018,2,54,24.306797099004893
Tobias Harris,1992-07-15T00:00:00,34358850,2020-21,Forward,20.8,3.6,7.7,0.147,9,2011,1,19,24.824687499999996
Abdel Nader,1993-09-25T00:00:00,1752950,2020-21,Forward,6.7,0.8,2.6,0.092,3,2016,2,58,26.678191937932194
Cameron Johnson,1996-03-03T00:00:00,4235160,2020-21,Forward,10.3,1.4,3.3,0.09,1,2019,1,11,23.0671875
Chris Paul,1985-05-06T00:00:00,41358814,2020-21,Guard,15.7,8.8,4.7,0.145,15,2005,1,4,23.731674382716047
Damian Jones,1995-06-30T00:00:00,785285,2020-21,Center,3,0.2,2,0.062,4,2016,1,30,25.001451589490493
Dario Saric,1994-04-08T00:00:00,9250000,2020-21,Forward-Center,10.3,1.3,4.2,0.1,4,2014,1,12,23.523944080904226
Deandre Ayton,1998-07-23T00:00:00,10018200,2020-21,Center,14.5,1.6,11,0.129,2,2018,1,1,25.511685295398465
Devin Booker,1996-10-30T00:00:00,29467800,2020-21,Guard,25.1,4.6,4,0.126,5,2015,1,13,24.425366840951256
E'Twaun Moore,1989-02-25T00:00:00,1620564,2020-21,Guard,4.3,1.5,1.8,0.055,9,2011,2,55,23.870755555555558
Frank Kaminsky,1993-04-04T00:00:00,1620564,2020-21,Forward-Center,6.6,1.6,3.7,0.11,5,2015,1,9,23.911564625850342
Jae Crowder,1990-07-06T00:00:00,9258000,2020-21,Forward,10.1,2,5,0.088,8,2012,2,34,27.154010519395133
Jevon Carter,1995-09-14T00:00:00,3925000,2020-21,Guard,2.8,1.1,1.1,0.066,2,2018,2,32,26.383936948770877
Langston Galloway,1991-12-09T00:00:00,1620564,2020-21,Guard,5.1,0.8,1,0.09,6,Undrafted,Undrafted,Undrafted,26.383936948770877
Mikal Bridges,1996-08-30T00:00:00,4359000,2020-21,Forward,13.7,2.4,4.9,0.104,2,2018,1,10,24.14973701512163
Torrey Craig,1990-12-19T00:00:00,1620564,2020-21,Forward,2.9,0.9,2.4,0.061,3,Undrafted,Undrafted,Undrafted,24.893927255247554
Anfernee Simons,1999-06-08T00:00:00,2252040,2020-21,Guard,8,1.4,2.3,0.077,2,2018,1,24,22.620977777777778
Carmelo Anthony,1984-05-29T00:00:00,1620564,2020-21,Forward,14,1.7,3.3,0.088,17,2003,1,3,26.808844736420443
CJ McCollum,1991-09-19T00:00:00,29354152,2020-21,Guard,23.8,4.3,3.8,0.131,7,2013,1,10,23.745777777777775
Damian Lillard,1990-07-15T00:00:00,31626953,2020-21,Guard,30.1,7.7,4.4,0.165,8,2012,1,6,25.033783783783786
Enes Kanter,1992-05-20T00:00:00,5005350,2020-21,Center,12.1,1.3,11.6,0.137,9,2011,1,3,26.137715645449134
Jusuf Nurkic,1994-08-23T00:00:00,12888889,2020-21,Center,9.8,2.8,7.7,0.103,6,2014,1,16,29.593554942662212
Nassir Little,2000-02-11T00:00:00,2210640,2020-21,Forward-Guard,5.3,0.4,2.6,0.074,1,2019,1,25,26.085343228200372
Norman Powell,1993-05-25T00:00:00,10865952,2020-21,Guard,19.5,1.8,3,0.106,5,2015,2,46,26.87022222222222
Robert Covington,1990-12-14T00:00:00,12138345,2020-21,Forward,8.6,1.7,6.7,0.073,7,Undrafted,Undrafted,Undrafted,23.54222079794905
Zach Collins,1997-11-19T00:00:00,5406255,2020-21,Forward-Center,7,1.5,6.3,0.054,3,2017,1,10,25.511685295398465
Buddy Hield,1992-12-17T00:00:00,24701834,2020-21,Guard,16.9,3.3,4.6,0.078,4,2016,1,6,26.77631578947368
Chimezie Metu,1997-03-22T00:00:00,50000,2020-21,Forward-Center,3.4,0.5,2.1,0.094,2,2018,2,49,24.108367626886146
Chris Silva,1996-09-19T00:00:00,1517981,2020-21,Forward,2.7,0.5,2.3,0.077,1,Undrafted,Undrafted,Undrafted,25.7034375
De'Aaron Fox,1997-12-20T00:00:00,8099627,2020-21,Guard,23.8,7.4,3.4,0.116,3,2017,1,5,23.120888888888892
Delon Wright,1992-04-26T00:00:00,9e+06,2020-21,Guard,10.5,5.1,4.6,0.119,5,2015,1,20,21.935402260077584
Glenn Robinson III,1994-01-08T00:00:00,930930,2020-21,Forward,5.3,0.9,2,0.057,6,2014,2,40,25.651873767258383
Harrison Barnes,1992-05-30T00:00:00,22215909,2020-21,Forward,16.3,3.7,6.5,0.111,8,2012,1,7,24.71484375
Hassan Whiteside,1989-06-13T00:00:00,1620564,2020-21,Center,8,0.6,5.8,0.118,8,2010,2,33,26.40235260770975
Jabari Parker,1995-03-15T00:00:00,6500000,2020-21,Forward,2.7,0.3,2,0.037,6,2014,1,2,26.911718750000002
Justin James,1997-01-24T00:00:00,1517981,2020-21,Guard-Forward,2.1,0.5,0.5,0.051,1,2019,2,40,21.402018907226406
Marvin Bagley III,1999-03-14T00:00:00,8963640,2020-21,Forward,13.9,0.9,7.4,0.095,2,2018,1,2,23.980984177674554
Maurice Harkless,1993-05-11T00:00:00,3623000,2020-21,Forward-Guard,1.4,0.6,1.2,0.023,8,2012,1,15,24.781285050472682
Mfiondu Kabengele,1997-08-14T00:00:00,2075880,2020-21,Forward-Center,1.2,0.2,0.6,0.003,1,2019,1,27,26.787075140984605
Norvel Pelle,1993-02-03T00:00:00,99020,2020-21,Center,2.3,0.3,2,-0.012,1,Undrafted,Undrafted,Undrafted,24.151249256395
Richaun Holmes,1993-10-15T00:00:00,5005350,2020-21,Forward,13.9,1.8,8.8,0.119,5,2015,2,37,24.56945270672219
Terence Davis,1997-05-16T00:00:00,1517981,2020-21,Guard,7,1.1,2,0.075,1,Undrafted,Undrafted,Undrafted,24.463815789473685
Cameron Reynolds,1995-02-07T00:00:00,110998,2020-21,Guard-Forward,5,0.7,1.6,,1,Undrafted,Undrafted,Undrafted,25.34449607434706
Dejounte Murray,1996-09-19T00:00:00,14286000,2020-21,Guard,15.6,5.1,7,0.125,3,2016,1,29,21.907894736842106
DeMar DeRozan,1989-08-07T00:00:00,27739975,2020-21,Guard-Forward,20.6,7.4,4.5,0.144,11,2009,1,9,25.42077580539119
DeMarre Carroll,1986-07-27T00:00:00,6119676,2020-21,Forward,8.9,1.3,4.2,,11,2009,1,27,24.843030900723207
Derrick White,1994-07-02T00:00:00,3516284,2020-21,Guard,12.8,3.4,2.4,0.076,3,2017,1,29,23.125
Drew Eubanks,1997-02-01T00:00:00,1620564,2020-21,Forward-Center,4.6,0.9,3.2,0.089,2,Undrafted,Undrafted,Undrafted,26.251333638164912
Gorgui Dieng,1990-01-18T00:00:00,1e+06,2020-21,Center,7.9,1.3,4.5,0.124,7,2013,1,21,26.346817370612733
Jakob Poeltl,1995-10-15T00:00:00,8101852,2020-21,Center,7.1,1.8,7.8,0.099,4,2016,1,9,23.838754325259515
Keldon Johnson,1999-10-11T00:00:00,2048040,2020-21,Forward-Guard,13.9,2,6.5,0.1,1,2019,1,29,26.085343228200372
LaMarcus Aldridge,1985-07-19T00:00:00,16750000,2020-21,Center-Forward,13.7,1.7,4.5,0.096,14,2006,1,2,25.511685295398465
Luka Samanic,2000-01-09T00:00:00,2824320,2020-21,Forward,3.8,0.2,2.5,0.077,1,2019,1,19,23.733045806067818
Marquese Chriss,1997-07-02T00:00:00,1824003,2020-21,Forward,6.5,1,6.5,0.11,4,2016,1,8,25.715592135345226
Patty Mills,1988-08-11T00:00:00,13535714,2020-21,Guard,12.9,2.5,1.8,0.095,11,2009,2,55,23.74554325389379
Rudy Gay,1986-08-17T00:00:00,14500000,2020-21,Forward-Guard,10.9,1.5,4.9,0.105,14,2006,1,8,27.4609375
Trey Lyles,1995-11-05T00:00:00,5500000,2020-21,Forward,5,0.6,3.8,0.1,5,2015,1,12,25.07270233196159
Alex Len,1993-06-16T00:00:00,2258000,2020-21,Center,6.1,0.9,3.6,0.099,7,2013,1,5,24.907879818594104
Aron Baynes,1986-12-09T00:00:00,7e+06,2020-21,Center-Forward,6.1,0.9,5.5,0.067,8,Undrafted,Undrafted,Undrafted,27.183224271267104
Chris Boucher,1993-01-11T00:00:00,6500000,2020-21,Forward-Center,13.8,1,6.4,0.134,3,Undrafted,Undrafted,Undrafted,21.429660112787687
DeAndre' Bembry,1994-07-04T00:00:00,1737145,2020-21,Guard-Forward,4.6,1.9,2.3,0.068,4,2016,1,21,24.89964580873672
Fred VanVleet,1994-02-25T00:00:00,21250000,2020-21,Guard,20.1,6.5,4.4,0.118,4,Undrafted,Undrafted,Undrafted,25.988177894539312
Henry Ellenson,1997-01-13T00:00:00,110998,2020-21,Forward-Center,7.5,2.5,6,0.106,4,2016,1,18,25.09220701963117
Kyle Lowry,1986-03-25T00:00:00,30500000,2020-21,Guard,17.6,7.4,5.6,0.117,14,2006,1,24,26.579475308641975
OG Anunoby,1997-07-17T00:00:00,3872215,2020-21,Forward,14,1.6,5.7,0.092,3,2017,1,23,26.13299150777119
Oshae Brissett,1998-06-20T00:00:00,300000,2020-21,Forward-Guard,1.9,0.4,1.4,,1,Undrafted,Undrafted,Undrafted,23.65486300272392
Pascal Siakam,1994-04-02T00:00:00,30559200,2020-21,Forward,19.8,4.7,7.3,0.117,4,2016,1,27,24.64410912970584
Patrick McCaw,1995-10-25T00:00:00,4e+06,2020-21,Guard,1,0.8,0.6,0.057,4,2016,2,38,20.388239064252524
Paul Watson,1994-12-30T00:00:00,1445697,2020-21,Guard,2.6,0.4,1.3,0.044,1,Undrafted,Undrafted,Undrafted,24.26528599605523
Rodney Hood,1992-10-20T00:00:00,10047450,2020-21,Guard-Forward,4.7,1.2,1.9,0.031,6,2014,1,23,22.8475
Stanley Johnson,1996-05-29T00:00:00,3804150,2020-21,Forward-Guard,2.9,1.2,2.2,0.047,5,2015,1,8,27.96285338593031
Bojan Bogdanovic,1989-04-18T00:00:00,17850000,2020-21,Forward,14.9,1.9,3.9,0.081,6,2011,2,31,25.45713827912194
Derrick Favors,1991-07-15T00:00:00,9258000,2020-21,Forward,5.9,0.9,5.3,0.111,10,2010,1,3,28.39429964944368
Donovan Mitchell,1996-09-07T00:00:00,5195501,2020-21,Guard,25.4,5.5,4.6,0.127,3,2017,1,13,28.36273221992869
Ersan Ilyasova,1987-05-15T00:00:00,754783,2020-21,Forward,0,1,0,0,12,2005,2,36,25.179850632525532
Georges Niang,1993-06-17T00:00:00,1783557,2020-21,Forward,5,0.7,2.2,0.061,4,2016,2,50,25.907707098221437
Joe Ingles,1987-10-02T00:00:00,10863637,2020-21,Forward-Guard,12.3,4.2,3.6,0.123,6,Undrafted,Undrafted,Undrafted,24.165625000000002
Jordan Clarkson,1992-06-07T00:00:00,11500000,2020-21,Guard,17.5,2.2,3.9,0.116,6,2014,2,46,23.611842105263158
Juwan Morgan,1997-04-17T00:00:00,1517981,2020-21,Forward,0.9,0.2,0.8,0.035,1,Undrafted,Undrafted,Undrafted,26.13299150777119
Matt Thomas,1994-08-04T00:00:00,1517981,2020-21,Guard,2.6,0.4,0.8,0.058,1,Undrafted,Undrafted,Undrafted,23.125
Mike Conley,1987-10-11T00:00:00,34502132,2020-21,Guard,16.4,5.5,3.4,0.125,13,2007,1,4,23.08594483017452
Miye Oni,1997-08-04T00:00:00,1517981,2020-21,Guard-Forward,2,0.2,1.6,0.051,1,2019,2,58,24.425366840951256
Royce O'Neale,1993-06-05T00:00:00,8500000,2020-21,Forward,7.5,2.6,6.6,0.072,3,Undrafted,Undrafted,Undrafted,27.50657894736842
Rudy Gobert,1992-06-26T00:00:00,27525281,2020-21,Center,14.5,1.3,13.4,0.158,7,2013,1,27,25.103667820069205
Shaquille Harrison,1993-10-06T00:00:00,770433,2020-21,Guard,1,0.5,0.5,0.064,3,Undrafted,Undrafted,Undrafted,21.402018907226406
Alex Len,1993-06-16T00:00:00,1265372,2020-21,Center,6.1,0.9,3.6,0.099,7,2013,1,5,24.907879818594104
Anzejs Pasecniks,1995-12-20T00:00:00,374297,2020-21,Center-Forward,0,1,1,-0.26,1,2017,1,25,22.281937716262973
Bradley Beal,1993-06-28T00:00:00,28751774,2020-21,Guard,31.8,4.6,5.1,0.154,8,2012,1,3,25.8704
Chandler Hutchison,1996-04-26T00:00:00,2443440,2020-21,Forward-Guard,1.9,0.6,2.9,0.042,2,2018,1,22,24.26528599605523
Daniel Gafford,1998-10-01T00:00:00,1517981,2020-21,Forward-Center,4.8,0.6,3.3,0.099,1,2019,2,38,24.464901844140392
Davis Bertans,1992-11-12T00:00:00,1.5e+07,2020-21,Forward,10.8,0.9,2.9,0.064,4,2011,2,42,23.523944080904226
Isaac Bonga,1999-11-08T00:00:00,1663861,2020-21,Guard,2.2,0.6,2.1,0.032,2,2018,2,39,19.771875
Ish Smith,1988-07-05T00:00:00,6e+06,2020-21,Guard,5.2,4.7,3.5,0.094,10,Undrafted,Undrafted,Undrafted,23.731674382716047
Jerome Robinson,1997-02-22T00:00:00,3737520,2020-21,Guard,5.2,1.4,2.5,0.052,2,2018,1,13,23.125
Jordan Bell,1995-01-07T00:00:00,110998,2020-21,Forward,3.3,1.7,5.3,0.074,3,2017,2,38,23.72625
Raul Neto,1992-05-19T00:00:00,1620564,2020-21,Guard,7.7,2.2,2.2,0.081,5,2013,2,47,23.74554325389379
Robin Lopez,1988-04-01T00:00:00,7300000,2020-21,Center,8.2,0.9,4.1,0.084,12,2008,1,15,27.996456916099774
Rui Hachimura,1998-02-08T00:00:00,4692840,2020-21,Forward,13.4,1.5,5.8,0.085,1,2019,1,9,25.264062499999998
Russell Westbrook,1988-11-12T00:00:00,41358814,2020-21,Guard,21.7,10.3,9.5,0.146,12,2008,1,4,24.995555555555555
Thomas Bryant,1997-07-31T00:00:00,8333333,2020-21,Center-Forward,14.3,1.5,6.1,0.111,3,2017,2,42,25.928613920285542
